id,name,org_type,created_at
1,Swift Carriers 1,logistics,2022-01-30 20:27:37+0000
2,Paper Industries 2,manufacturer,2025-10-03 10:22:14+0000
3,Speed Freight 3,logistics,2025-01-08 14:18:46+0000
4,Steel Industries 4,manufacturer,2021-11-10 06:49:44+0000
5,Machinery Works 5,manufacturer,2024-10-09 17:27:54+0000
6,Glass Factory 6,manufacturer,2023-07-27 09:39:54+0000
7,Machinery Fabricators 7,manufacturer,2020-01-21 04:34:57+0000
8,Rapid Distribution 8,logistics,2022-11-23 02:55:03+0000
9,Electronics Products 9,manufacturer,2020-11-13 13:21:02+0000
10,Textile Products 10,manufacturer,2022-12-04 15:11:51+0000
11,Pacific Logistics 11,logistics,2026-03-17 04:44:45+0000
12,Global Distribution 12,logistics,2020-09-01 19:46:06+0000
13,United Lines 13,logistics,2023-01-28 13:27:43+0000
14,Coastal Freight 14,logistics,2020-05-22 08:54:49+0000
15,Pacific Carriers 15,logistics,2020-09-04 21:43:15+0000
16,Central Commission 16,admin,2022-05-13 15:12:51+0000
17,United Movers 17,logistics,2021-05-20 08:22:06+0000
18,Electronics Fabricators 18,manufacturer,2025-12-20 11:30:55+0000
19,Central Board 19,admin,2025-05-26 19:24:46+0000
20,Paper Corp 20,manufacturer,2021-05-22 16:10:22+0000
21,Express Express 21,logistics,2021-11-13 07:41:38+0000
22,United Logistics 22,logistics,2021-12-12 15:03:43+0000
23,Pacific Movers 23,logistics,2023-05-31 09:00:53+0000
24,Electronics Co. 24,manufacturer,2026-02-08 11:34:04+0000
25,Glass Plant 25,manufacturer,2023-05-14 04:27:09+0000
26,Metro Office 26,admin,2022-04-02 22:53:49+0000
27,Paper Factory 27,manufacturer,2024-08-01 13:03:34+0000
28,Machinery Mills 28,manufacturer,2024-12-17 23:22:07+0000
29,Electronics Manufacturing 29,manufacturer,2024-05-02 01:02:02+0000
30,Pacific Logistics 30,logistics,2020-12-06 16:01:55+0000
31,Auto Mills 31,manufacturer,2025-01-26 23:28:51+0000
32,Furniture Co. 32,manufacturer,2023-12-25 04:19:44+0000
33,Speed Logistics 33,logistics,2025-10-14 13:36:26+0000
34,National Express 34,logistics,2026-05-21 21:30:25+0000
35,Glass Products 35,manufacturer,2020-12-12 13:55:58+0000
36,Auto Plant 36,manufacturer,2020-01-11 01:59:17+0000
37,City Council 37,admin,2026-06-25 08:01:10+0000
38,Metal Industries 38,manufacturer,2025-04-26 17:45:42+0000
39,Glass Factory 39,manufacturer,2025-03-07 00:06:36+0000
40,Plastics Manufacturing 40,manufacturer,2024-08-02 19:00:54+0000
41,County Administration 41,admin,2025-02-03 20:32:43+0000
42,Steel Industries 42,manufacturer,2023-02-01 17:48:27+0000
43,City Bureau 43,admin,2020-06-28 23:12:49+0000
44,Machinery Industries 44,manufacturer,2020-09-23 02:47:02+0000
45,United Freight 45,logistics,2026-06-21 02:36:28+0000
46,Rapid Transport 46,logistics,2025-08-11 18:35:12+0000
47,Speed Transport 47,logistics,2022-04-03 12:03:16+0000
48,Metro Distribution 48,logistics,2021-10-20 00:49:06+0000
49,National Department 49,admin,2023-05-24 15:01:19+0000
50,District Division 50,admin,2024-05-27 01:15:07+0000
51,Prime Shipping 51,logistics,2020-07-17 22:07:01+0000
52,Machinery Factory 52,manufacturer,2021-12-15 22:35:53+0000
53,Swift Freight 53,logistics,2026-01-08 04:26:46+0000
54,Prime Freight 54,logistics,2020-04-07 14:19:11+0000
55,Central Council 55,admin,2022-01-09 10:54:42+0000
56,Food Corp 56,manufacturer,2024-08-02 08:11:47+0000
57,Metal Co. 57,manufacturer,2024-11-25 05:27:16+0000
58,Pacific Haulage 58,logistics,2023-06-18 16:35:27+0000
59,Textile Mills 59,manufacturer,2023-01-05 18:20:29+0000
60,Food Works 60,manufacturer,2025-09-23 01:41:58+0000
61,National Freight 61,logistics,2020-07-07 07:36:30+0000
62,Plastics Industries 62,manufacturer,2022-02-11 13:09:36+0000
63,Pharma Plant 63,manufacturer,2021-03-11 12:44:59+0000
64,Chemical Plant 64,manufacturer,2022-02-15 02:55:07+0000
65,Central Division 65,admin,2024-09-05 19:13:46+0000
66,Glass Factory 66,manufacturer,2020-02-15 20:25:30+0000
67,National Office 67,admin,2023-06-16 16:25:43+0000
68,Prime Distribution 68,logistics,2020-07-01 04:10:21+0000
69,Steel Mills 69,manufacturer,2022-04-03 22:58:23+0000
70,Metro Department 70,admin,2023-08-07 05:43:26+0000
71,Coastal Express 71,logistics,2025-08-18 08:42:06+0000
72,Rapid Shipping 72,logistics,2022-07-10 20:08:21+0000
73,Steel Co. 73,manufacturer,2026-04-04 20:32:24+0000
74,Coastal Movers 74,logistics,2020-06-26 14:33:06+0000
75,Food Factory 75,manufacturer,2024-07-08 03:38:07+0000
76,Pharma Industries 76,manufacturer,2021-07-31 08:06:49+0000
77,Textile Corp 77,manufacturer,2023-06-08 11:41:14+0000
78,Metal Co. 78,manufacturer,2022-02-03 23:08:49+0000
79,Swift Lines 79,logistics,2020-09-11 17:07:33+0000
80,Machinery Co. 80,manufacturer,2024-06-12 05:30:17+0000
81,Chemical Corp 81,manufacturer,2025-09-11 18:23:17+0000
82,Prime Carriers 82,logistics,2023-05-14 15:55:54+0000
83,Glass Fabricators 83,manufacturer,2023-11-21 13:08:07+0000
84,Rubber Industries 84,manufacturer,2020-01-29 22:36:39+0000
85,Metro Freight 85,logistics,2020-08-15 14:42:54+0000
86,Speed Carriers 86,logistics,2021-02-15 12:40:38+0000
87,Central Bureau 87,admin,2023-02-22 01:56:13+0000
88,Food Factory 88,manufacturer,2025-12-25 19:44:20+0000
89,Rubber Factory 89,manufacturer,2020-01-25 07:19:59+0000
90,Speed Carriers 90,logistics,2025-08-23 01:50:52+0000
91,Metal Manufacturing 91,manufacturer,2022-04-01 16:00:30+0000
92,Textile Factory 92,manufacturer,2021-04-27 23:02:10+0000
93,Machinery Corp 93,manufacturer,2026-02-07 13:02:34+0000
94,Glass Fabricators 94,manufacturer,2024-04-19 06:01:51+0000
95,Direct Logistics 95,logistics,2020-10-13 18:16:20+0000
96,United Carriers 96,logistics,2020-05-16 23:20:50+0000
97,Rubber Manufacturing 97,manufacturer,2025-06-02 10:36:59+0000
98,State Division 98,admin,2024-09-10 00:16:25+0000
99,Speed Logistics 99,logistics,2020-12-13 13:55:16+0000
100,Metal Manufacturing 100,manufacturer,2024-08-22 02:09:39+0000
101,Plastics Co. 101,manufacturer,2024-09-12 15:15:26+0000
102,Auto Works 102,manufacturer,2022-08-15 17:24:30+0000
103,Metal Works 103,manufacturer,2023-01-16 16:11:24+0000
104,Electronics Industries 104,manufacturer,2023-01-03 20:11:24+0000
105,Direct Distribution 105,logistics,2025-04-12 07:52:34+0000
106,Direct Shipping 106,logistics,2021-05-19 21:00:35+0000
107,State Commission 107,admin,2020-03-18 00:12:19+0000
108,Metal Products 108,manufacturer,2026-08-27 18:57:54+0000
109,National Department 109,admin,2021-05-09 14:39:05+0000
110,Global Distribution 110,logistics,2020-04-30 07:30:56+0000
111,National Bureau 111,admin,2023-12-01 02:41:49+0000
112,Cement Corp 112,manufacturer,2021-11-23 14:23:05+0000
113,Electronics Mills 113,manufacturer,2022-10-16 20:59:06+0000
114,Textile Fabricators 114,manufacturer,2022-12-26 23:21:11+0000
115,Cargo Express 115,logistics,2022-10-25 20:19:25+0000
116,Central Department 116,admin,2021-07-08 18:58:53+0000
117,Express Logistics 117,logistics,2020-12-02 19:04:47+0000
118,Trans Movers 118,logistics,2023-09-17 19:53:11+0000
119,Speed Freight 119,logistics,2023-04-11 18:15:10+0000
120,National Department 120,admin,2020-05-17 21:41:58+0000
121,Swift Express 121,logistics,2024-07-30 21:53:26+0000
122,Coastal Shipping 122,logistics,2023-02-05 14:19:17+0000
123,Glass Products 123,manufacturer,2025-04-20 01:50:06+0000
124,Cement Industries 124,manufacturer,2026-02-14 04:46:02+0000
125,County Department 125,admin,2025-09-02 23:08:20+0000
126,Furniture Fabricators 126,manufacturer,2024-09-18 11:59:27+0000
127,Furniture Mills 127,manufacturer,2025-10-05 08:29:10+0000
128,Rapid Lines 128,logistics,2024-11-03 03:33:49+0000
129,Pharma Works 129,manufacturer,2022-08-02 02:33:31+0000
130,Furniture Co. 130,manufacturer,2025-02-27 19:57:54+0000
131,Freight Haulage 131,logistics,2023-10-05 17:49:26+0000
132,Speed Haulage 132,logistics,2026-04-05 13:15:47+0000
133,Textile Fabricators 133,manufacturer,2024-05-20 10:53:14+0000
134,Metro Movers 134,logistics,2020-10-17 03:27:14+0000
135,Pacific Shipping 135,logistics,2025-09-21 07:16:52+0000
136,Rubber Corp 136,manufacturer,2021-04-02 19:30:28+0000
137,Electronics Plant 137,manufacturer,2025-03-14 03:53:27+0000
138,Global Haulage 138,logistics,2023-07-11 14:57:40+0000
139,Provincial Bureau 139,admin,2026-02-09 19:45:12+0000
140,Freight Distribution 140,logistics,2022-01-28 00:47:55+0000
141,Paper Works 141,manufacturer,2026-05-22 03:58:11+0000
142,Central Commission 142,admin,2021-11-10 21:58:40+0000
143,Paper Factory 143,manufacturer,2023-12-14 07:21:01+0000
144,Electronics Industries 144,manufacturer,2023-11-19 04:15:39+0000
145,Food Factory 145,manufacturer,2024-10-02 12:29:25+0000
146,Pacific Haulage 146,logistics,2025-03-18 10:40:05+0000
147,Direct Express 147,logistics,2023-08-18 20:05:49+0000
148,Speed Haulage 148,logistics,2021-05-09 11:40:24+0000
149,Freight Haulage 149,logistics,2022-03-16 06:43:21+0000
150,United Carriers 150,logistics,2026-07-07 07:12:25+0000
151,Freight Shipping 151,logistics,2022-05-03 03:28:10+0000
152,Paper Fabricators 152,manufacturer,2021-12-29 13:06:31+0000
153,Plastics Factory 153,manufacturer,2020-09-07 08:18:20+0000
154,Electronics Mills 154,manufacturer,2025-11-26 00:38:55+0000
155,Electronics Industries 155,manufacturer,2023-07-12 22:47:33+0000
156,Pharma Plant 156,manufacturer,2023-07-15 18:22:26+0000
157,Cement Mills 157,manufacturer,2023-04-25 01:29:44+0000
158,Provincial Administration 158,admin,2026-07-06 14:52:08+0000
159,Freight Logistics 159,logistics,2022-12-28 21:02:15+0000
160,Furniture Mills 160,manufacturer,2024-07-30 04:38:02+0000
161,Speed Lines 161,logistics,2021-11-16 04:33:24+0000
162,Express Distribution 162,logistics,2024-02-17 20:05:31+0000
163,Plastics Mills 163,manufacturer,2026-02-27 22:52:39+0000
164,Food Manufacturing 164,manufacturer,2025-04-17 06:50:31+0000
165,Direct Distribution 165,logistics,2025-01-12 22:43:27+0000
166,Swift Freight 166,logistics,2025-06-19 22:53:15+0000
167,Cement Plant 167,manufacturer,2021-07-18 14:41:54+0000
168,Furniture Products 168,manufacturer,2021-10-19 14:32:05+0000
169,Trans Distribution 169,logistics,2022-05-14 12:19:01+0000
170,United Distribution 170,logistics,2022-02-22 18:43:42+0000
171,Freight Logistics 171,logistics,2026-05-16 03:17:48+0000
172,Trans Shipping 172,logistics,2025-07-12 22:15:27+0000
173,Glass Works 173,manufacturer,2026-06-01 07:42:14+0000
174,Electronics Corp 174,manufacturer,2020-03-04 07:38:39+0000
175,Prime Transport 175,logistics,2024-01-11 07:16:19+0000
176,Metro Shipping 176,logistics,2023-12-15 19:26:49+0000
177,Pacific Movers 177,logistics,2021-06-05 07:15:55+0000
178,Coastal Freight 178,logistics,2026-08-13 12:21:58+0000
179,Express Freight 179,logistics,2024-12-02 21:51:41+0000
180,Chemical Co. 180,manufacturer,2025-10-05 10:40:27+0000
181,Federal Commission 181,admin,2026-01-30 11:21:38+0000
182,Machinery Corp 182,manufacturer,2020-11-12 14:18:42+0000
183,Express Lines 183,logistics,2021-01-11 02:31:10+0000
184,Metro Logistics 184,logistics,2022-12-14 17:23:20+0000
185,National Movers 185,logistics,2020-08-02 05:47:12+0000
186,Trans Logistics 186,logistics,2023-07-29 01:50:59+0000
187,Global Distribution 187,logistics,2023-01-30 06:41:50+0000
188,United Haulage 188,logistics,2026-01-06 12:45:19+0000
189,Auto Factory 189,manufacturer,2025-07-13 21:37:13+0000
190,Rubber Factory 190,manufacturer,2026-08-03 17:27:10+0000
191,Cargo Lines 191,logistics,2022-04-13 21:01:19+0000
192,Electronics Industries 192,manufacturer,2022-05-16 14:23:50+0000
193,National Division 193,admin,2024-11-05 11:04:09+0000
194,Cargo Movers 194,logistics,2020-03-30 04:01:36+0000
195,Trans Transport 195,logistics,2024-02-23 18:21:29+0000
196,Rubber Fabricators 196,manufacturer,2022-11-23 09:30:12+0000
197,Machinery Fabricators 197,manufacturer,2024-09-22 18:46:58+0000
198,Electronics Industries 198,manufacturer,2022-01-19 20:48:41+0000
199,Freight Express 199,logistics,2026-06-13 12:51:14+0000
200,Food Plant 200,manufacturer,2023-10-24 10:18:58+0000
201,Global Carriers 201,logistics,2021-11-19 11:25:31+0000
202,Electronics Fabricators 202,manufacturer,2025-08-24 20:26:51+0000
203,Freight Express 203,logistics,2024-07-07 12:24:31+0000
204,Paper Factory 204,manufacturer,2022-10-24 17:35:13+0000
205,Food Fabricators 205,manufacturer,2022-08-10 15:28:02+0000
206,Textile Corp 206,manufacturer,2022-09-07 08:57:36+0000
207,Pharma Manufacturing 207,manufacturer,2021-08-18 02:19:48+0000
208,Food Fabricators 208,manufacturer,2026-03-01 04:58:24+0000
209,Pacific Express 209,logistics,2025-01-28 03:56:34+0000
210,Textile Corp 210,manufacturer,2022-07-09 09:44:14+0000
211,Auto Fabricators 211,manufacturer,2020-02-13 22:58:42+0000
212,Rapid Carriers 212,logistics,2020-05-21 09:53:47+0000
213,County Department 213,admin,2025-12-06 19:12:34+0000
214,Metro Authority 214,admin,2020-02-08 02:34:28+0000
215,Freight Haulage 215,logistics,2023-09-30 11:44:03+0000
216,Steel Fabricators 216,manufacturer,2024-01-24 06:04:13+0000
217,Textile Mills 217,manufacturer,2024-03-07 19:16:53+0000
218,Glass Works 218,manufacturer,2021-04-16 09:35:09+0000
219,Machinery Fabricators 219,manufacturer,2020-09-21 15:32:54+0000
220,Central Council 220,admin,2026-07-03 01:02:05+0000
221,Machinery Co. 221,manufacturer,2021-12-02 04:27:08+0000
222,Cargo Haulage 222,logistics,2023-10-07 11:40:14+0000
223,Machinery Mills 223,manufacturer,2022-08-06 18:48:04+0000
224,Swift Lines 224,logistics,2026-04-18 09:03:31+0000
225,Rubber Corp 225,manufacturer,2025-04-27 09:46:52+0000
226,Glass Industries 226,manufacturer,2021-05-02 23:01:32+0000
227,Pharma Industries 227,manufacturer,2021-05-01 07:55:05+0000
228,Food Co. 228,manufacturer,2023-12-30 23:12:50+0000
229,Electronics Fabricators 229,manufacturer,2026-01-05 10:26:51+0000
230,Cement Plant 230,manufacturer,2020-08-09 03:32:51+0000
231,Direct Carriers 231,logistics,2025-04-25 23:42:10+0000
232,Pacific Shipping 232,logistics,2023-08-13 20:39:33+0000
233,Electronics Manufacturing 233,manufacturer,2022-04-05 06:59:33+0000
234,Global Logistics 234,logistics,2021-05-30 12:05:58+0000
235,Metro Lines 235,logistics,2022-06-15 16:21:55+0000
236,Food Fabricators 236,manufacturer,2025-12-13 23:55:30+0000
237,Chemical Factory 237,manufacturer,2024-08-04 15:56:37+0000
238,Global Lines 238,logistics,2020-05-03 20:14:07+0000
239,District Board 239,admin,2022-02-16 20:47:02+0000
240,Electronics Co. 240,manufacturer,2024-12-29 03:03:31+0000
241,City Board 241,admin,2020-05-04 23:53:27+0000
242,Rapid Haulage 242,logistics,2024-05-31 08:44:54+0000
243,Direct Carriers 243,logistics,2021-07-17 20:48:40+0000
244,Federal Division 244,admin,2020-10-10 11:31:36+0000
245,Cargo Movers 245,logistics,2022-09-24 11:50:19+0000
246,United Transport 246,logistics,2022-10-21 15:56:37+0000
247,Food Fabricators 247,manufacturer,2025-08-20 13:48:33+0000
248,County Administration 248,admin,2023-11-14 02:16:41+0000
249,Chemical Products 249,manufacturer,2020-12-26 03:44:27+0000
250,Federal Council 250,admin,2020-01-04 13:49:46+0000
251,Speed Haulage 251,logistics,2023-07-07 21:58:21+0000
252,Pharma Products 252,manufacturer,2025-04-18 10:56:46+0000
253,National Haulage 253,logistics,2026-06-19 05:00:07+0000
254,Chemical Factory 254,manufacturer,2021-02-11 01:03:15+0000
255,Metro Division 255,admin,2021-01-12 06:11:07+0000
256,Glass Co. 256,manufacturer,2022-01-13 11:18:43+0000
257,Express Express 257,logistics,2020-02-12 11:38:31+0000
258,Global Shipping 258,logistics,2020-12-18 12:16:27+0000
259,Global Transport 259,logistics,2024-03-28 09:34:15+0000
260,City Council 260,admin,2025-12-31 15:18:12+0000
261,Cement Plant 261,manufacturer,2024-01-07 03:15:32+0000
262,Pharma Manufacturing 262,manufacturer,2023-04-06 18:14:47+0000
263,Machinery Factory 263,manufacturer,2026-05-07 15:36:19+0000
264,Central Department 264,admin,2026-07-28 14:50:01+0000
265,Cargo Movers 265,logistics,2024-04-26 11:39:55+0000
266,Steel Fabricators 266,manufacturer,2026-03-05 18:17:07+0000
267,Machinery Co. 267,manufacturer,2025-08-12 08:44:57+0000
268,Rapid Haulage 268,logistics,2024-07-31 07:28:43+0000
269,Trans Express 269,logistics,2026-06-28 03:54:35+0000
270,Freight Movers 270,logistics,2021-08-09 02:56:25+0000
271,National Board 271,admin,2023-04-04 20:22:34+0000
272,Rubber Mills 272,manufacturer,2020-05-15 14:34:42+0000
273,Food Mills 273,manufacturer,2023-04-14 12:07:05+0000
274,State Division 274,admin,2020-04-25 00:22:57+0000
275,Machinery Products 275,manufacturer,2020-11-07 19:43:36+0000
276,Metro Authority 276,admin,2024-06-22 01:45:18+0000
277,Regional Office 277,admin,2023-06-27 18:13:16+0000
278,State Authority 278,admin,2023-12-29 15:45:23+0000
279,Express Movers 279,logistics,2025-04-20 09:35:21+0000
280,National Freight 280,logistics,2022-10-17 19:37:32+0000
281,County Commission 281,admin,2022-09-10 19:58:01+0000
282,Direct Haulage 282,logistics,2024-08-07 21:04:40+0000
283,Textile Corp 283,manufacturer,2025-05-14 22:46:35+0000
284,Express Shipping 284,logistics,2026-05-09 02:56:10+0000
285,Textile Industries 285,manufacturer,2023-10-10 11:04:14+0000
286,Chemical Works 286,manufacturer,2020-05-22 21:20:06+0000
287,Steel Fabricators 287,manufacturer,2023-01-18 16:57:51+0000
288,Auto Corp 288,manufacturer,2024-07-08 06:37:53+0000
289,Glass Manufacturing 289,manufacturer,2021-06-12 02:53:58+0000
290,Machinery Mills 290,manufacturer,2025-04-09 08:57:14+0000
291,Freight Lines 291,logistics,2021-03-20 15:37:51+0000
292,Glass Fabricators 292,manufacturer,2023-11-28 20:03:36+0000
293,Steel Plant 293,manufacturer,2022-06-12 15:22:16+0000
294,Rapid Freight 294,logistics,2023-10-04 09:45:35+0000
295,Provincial Department 295,admin,2025-06-08 02:43:21+0000
296,City Division 296,admin,2022-07-27 15:49:28+0000
297,Furniture Plant 297,manufacturer,2020-11-27 08:38:39+0000
298,Machinery Products 298,manufacturer,2024-11-20 21:05:03+0000
299,Paper Fabricators 299,manufacturer,2020-03-09 03:56:05+0000
300,Federal Department 300,admin,2020-01-26 03:49:41+0000
