id,product_hash,qr_public_token,gtin,batch_no,serial_no,product_name,expiry_date,manufacturer_org_id,current_custodian_org_id,status,risk_score,risk_level,scan_count,last_verified_at,created_at
1,c6a65e9d50f9c257392b9bedcfec8fda0fc745242de8b853af7ac618bbc78260,TpigTHKbfoLISRABr1VjArnVgxwvqcCh,90268310679883,B8428-U56,SN-200604-000001-479,ORS Rehydration Sachet,2027-07-11,23,22,delivered,60.91,medium,2,2025-10-18 17:34:40,2026-05-21 18:49:40
2,dec9e2fac2373f2d3ea98c0d91aeff66068d7bf21ff50eac4df831d08c1d37d8,obtqn62tOy4CqpIqK3yn9FfcgMXAdx9G,98076526144982,B9201-Y32,SRL-197106-000002-208,Insulin Regular Vial,2028-07-26,17,20,created,37.39,medium,5,2026-01-04 16:02:40,2025-05-24 04:13:40
3,7329b45772f55ab1f3ce0e923edade81322101d08f2bcb1ab9f6361bbe563083,ooJeTY8HhO6kGL75UQSyPx3BpdbIKaRdebuFrEHS,85244063480660,B6559-Z23,SN-198508-000003-296,Omeprazole 20mg Capsules,2027-03-03,14,6,in_transit,24.98,low,0,,2025-10-12 22:16:40
4,f6a930e19ad9a2420f4b83cc0b55ad2b430d5cdff6bbac01a6676a5eddccd96a,50kEnydx9qWCA79ISjs8JHUdKF0j7elK,62182564559272,B7484-E95,SRL-198208-000004-407,Salbutamol Inhaler,2028-11-18,3,1,in_transit,99.85,high,1,2026-07-06 04:13:40,2026-08-07 08:46:40
5,af7fc78eef6d17fe85bf3eb5907338b3451b62850e05af4e0e2ce722340b1484,ZRL9OaYsP6ihgIqLSmNqE40fAraVNqTIAae24HZK,11387882217846,B3532-H30,SN-201110-000005-522,Amoxicillin 500mg Capsules,2027-09-16,14,22,sold,81.07,high,12,2026-05-21 09:17:40,2025-05-29 01:47:40
6,f82369ba05157aeddd78aa787db82e63c6812ff4e31c623aeb9966d9f21677db,nOyreVvFQ0ub2qJ8cKvWB9h3lcBGYQ6T,14996619563651,B7211-V32,SRL-200805-000006-682,Amlodipine 5mg Tablets,2029-02-10,1,10,in_transit,42.99,medium,3,2026-05-24 23:39:40,2025-07-31 16:59:40
7,9da0a21fc0a5b845e56bfb3203adca147e838d96b34aeb78c8cb7aa971d50fb9,FNuYUPnmbpD0ezNmREpOaUVgAk7Gdp0CXP9K63LS,58587422675620,B5681-H44,PU-202007-000007-427,Multivitamin Syrup,2026-06-25,8,13,delivered,,,4,2026-08-11 09:16:40,2026-02-08 03:12:40
8,7b6539920d6b994d3c6ea88871f6dca3dbbef7884ce63cf57635b649ec7ce3f6,b2JD6sy3ZHTX3EqEyPXS058H4KPfA1lquCu2r6AZDUd7ne7c,02862419423697,B3683-J23,SRL-197412-000008-126,Amlodipine 5mg Tablets,2027-10-30,13,23,created,59.21,medium,7,2025-11-08 12:19:40,2025-11-26 14:47:40
9,823a7a7f04b45f783e4bea5509e7756f1eef14e8b159ab7807fa16aa3af9f369,wFv0Yg7NZRBT7qYHDBTq0Zf2pCLxb0lnXv2Rra6fSEVQOEXf,26354547372211,B2958-X78,SRL-199312-000009-289,Omeprazole 20mg Capsules,2028-02-18,9,24,delivered,76.02,high,1,2026-03-11 10:50:40,2026-09-03 17:35:40
10,3495a2dd1fbef24ee01af07a965cdbdf8ebd5404e0e23657308a32eb7c31340f,8IRh1E2JDBld6DYyeNdjIs9hVLXnGBB1,93667922611004,B8699-J14,SN-197109-000010-395,Pantoprazole 40mg Tablets,2028-01-18,3,22,in_transit,26.46,low,5,2025-12-07 08:28:40,2026-06-27 07:17:40
11,8981718687edaf54f3d85636ced4f17681905211b3bc48633ccbc7d0661caa8e,ktUJrhQR6FEecAtpf7ZJ69PqcUDO4lKN,40336836298543,B6296-D61,SRL-198205-000011-944,Amoxicillin 500mg Capsules,2028-04-18,15,14,created,51.84,medium,16,2026-05-30 07:34:40,2026-07-06 06:41:40
12,6ea9ea6acb72896fc7cbf4bb2b96e5d63a9093c6a310617223f7c7536517b497,h8LojIIf94ChZESFqZ8pIx5F21rWz5FYrsK9EjHv,55431652707783,B3492-P14,SN-199808-000012-614,Hand Sanitizer 500ml,2027-01-21,15,4,delivered,45.69,medium,0,,2025-08-07 07:48:40
13,62a06e204fe1317d23a6b15a58acce34ab940e02a1ba23d2cf4ecefa6ed50459,O001xtSV2ceN59UAgN2BR4cXsxjGJXke1Mo4iCpp,08961435642813,B8916-D40,PU-197107-000013-685,ORS Rehydration Sachet,2028-09-26,10,1,sold,65.82,medium,19,2025-08-26 00:16:40,2025-06-06 06:20:40
14,e5caf3a9d17c233bca77c18fc74083ce33756501d0b7cf7042262c24577f9a6c,XnlpUVQigMcWcwi4uzmW2wFqk467s1XDeUnPPy0IfyqhwUqx,63646936664761,B1742-B48,PU-198104-000014-218,Atorvastatin 20mg Tablets,2028-04-13,5,13,in_transit,67.05,medium,12,2026-06-24 02:28:40,2026-07-23 00:30:40
15,eb8cc5568d88e0d54f564b3f2c2532de92160b15c9c319c451aaec853cce6d93,cwB61gQH8wylh0CPNLbWphJeVmn1uj3a1iipkOba,72310757475159,B1710-X94,SRL-200611-000015-408,Salbutamol Inhaler,2026-11-11,2,16,sold,42.63,medium,4,2026-06-28 14:01:40,2026-04-23 20:29:40
16,7753ed6102a7f4151f7c98a5a635c8e84dd05f1b35ea33ba476cbf1c6a7d36fe,u9GCLgR0OVSnBovCzfAPxj5eZffTYIKIuhvPU1S8LvJnOng0,37588986609821,B6062-K54,SN-200011-000016-285,Metformin 500mg Tablets,2027-11-25,3,5,delivered,97.18,high,5,2026-03-21 10:46:40,2026-04-04 16:49:40
17,f1e351116791bd97d950f6da65a3989b92162d9d0860859352b8d1e892c6abbf,K2jUdfBALznFvgQKGtn9dm6VVrhEAiHoIPvyUBCetAzNrz7k,94634144087270,B2868-Q75,SN-198207-000017-894,ORS Rehydration Sachet,2029-01-26,21,5,in_transit,14.64,low,0,,2025-08-11 19:38:40
18,c7bbd59354a1c7bb325ed365d87e7daf455f333ac3e98dbb864f5a56f1f6e984,VB5INM1MjeBsrdFtCdZe11MFCIX3BYOtDjdg3vSFkpBBGjxr,43576006276983,B3317-L49,SRL-200305-000018-815,Clopidogrel 75mg Tablets,2028-06-11,23,3,in_transit,37.67,medium,0,,2025-10-03 02:37:40
19,fb07c317046f256f5ba936590d9c6a0faa4ac5092020108dbd6f6a8bdb07d4d9,t6vVl9jsWFHTGP2MLjlQM3ScwS8LUWoo7W4mQJBV,75411680439751,B2374-Y30,PU-201511-000019-560,Doxycycline 100mg Capsules,2026-01-30,3,8,sold,88.46,high,4,2026-05-14 04:04:40,2026-03-04 09:08:40
20,245ddd8c13e5671337d8a5cdbed0ed93df492e6bf67ea128d10f0e474c6202ed,0OXirZRiRBaepZITGgrscAXCg4KbFpiA,62460905595346,B7116-I12,PU-197005-000020-907,Insulin Glargine Pen,2028-10-30,22,21,created,58.19,medium,2,2025-10-17 10:16:40,2025-08-08 18:40:40
21,0074ba0a765122c015821355dd16edffcb25d8e7cdfb4bad01b5ca28f33b722a,NYdWCscmc5F9HpUlwW1uhw3U3x8EE5GXTeLYHteO,36463083929906,B6952-Q96,SN-201509-000021-131,Metformin 500mg Tablets,2028-09-04,15,2,created,23.6,low,0,,2026-06-24 18:41:40
22,f2ccae0d010ed4b93f6744e619b9f15cdd0fea3cd56dedb063c58e301665a2df,Beiwtr7blG4hWRnLR9miekS9Y79PRIssjRRkwn9X,24354918037444,B2208-E50,SRL-200907-000022-175,Salbutamol Inhaler,2028-03-23,12,5,sold,78.03,high,2,2026-08-14 12:36:40,2026-06-25 06:59:40
23,42ce432e852be58af729bc95e151d0118801189f8e7a0ceee28121188881b110,n6Grem7rMMfNKKkM3u5c1f6VqnJMb3HNspYzCQjzCvi1t9vy,75121410984998,B6123-G30,PU-198904-000023-627,Salbutamol Inhaler,2027-08-22,16,1,created,39.32,medium,2,2026-08-17 06:38:40,2025-11-09 19:26:40
24,e80e035ebbeb14728c376566795bf279e757d995cb092f099d5a0a47406701c6,agiqwzcdIwrxBIZMLhfx9IwiLyccSXGj3i5tyM0KFFEIDbug,43886526952045,B7229-E97,SN-197810-000024-132,Hand Sanitizer 500ml,2027-01-31,7,1,in_transit,41.88,medium,12,2026-01-12 16:23:40,2026-08-10 18:01:40
25,eeb3e55406e5feca93ebea70fe92c8b3e1d95d5012cbd1314eb552cc9506514b,uPGtk4vvVSNQLlpIn8srmRtv5XqhPx8Y7XsrSvBpDmH5RiMK,26560471705949,B8793-P93,SN-202404-000025-874,Amlodipine 5mg Tablets,2028-08-02,2,25,created,57.41,medium,1,2026-06-13 14:16:40,2026-02-20 00:58:40
26,a215dc3562cdf0be5e27e48c025a3b456a43d90752eb4ab4c84626c8cac525db,2aJg8r9HE60DlgkCplTXJUk13ZFfPliupqoU7sSa,66013458731926,B4590-E71,SN-198901-000026-565,Levothyroxine 50mcg Tablets,2027-10-28,14,23,delivered,47.08,medium,2,2025-11-10 13:36:40,2026-01-25 23:24:40
27,a3eec74256549bd532512ec84417a3c7dd33611ec0ca864e4c88a3d2bd37beef,gZ3mHk0BQSE3BdizIIPtbpaneARHd39DrliNT7x3B4xe72i1,19319879474324,B3541-I34,SRL-197504-000027-883,Atorvastatin 20mg Tablets,,22,14,delivered,93.62,high,0,,2026-08-25 01:31:40
28,18523e1f2f205b5acb5c5d0d9a082a1a53554ec92f8b7d69ffb8680fbd078a04,pcBHUWi9o4JJVYo29GzrIKTkQIcvNxGR,42152281404453,B5177-G52,SRL-197506-000028-180,Salbutamol Inhaler,2027-01-13,18,24,sold,5.15,low,15,2026-06-06 21:23:40,2025-10-02 22:56:40
29,11628101ea1a8e0653d2f37c77a36aafee0ead5c82f3c66f4fd642840bd8fe4f,s4nlTUU4RRyotrCOtw2CXSVtmtc1TbIKSsmoJpI6,37477473151899,B9584-B19,SRL-201801-000029-149,Diclofenac Gel 30g,,5,21,in_transit,,,0,,2025-10-19 18:10:40
30,d5b481a328be2621d5c17874a352661fe9d216e811e0ec1d1c60c29952a650fc,OaGzbSHrFRA6l4GoMpvXe7CpRsZe9ObzxDNRf0Nu,99892965296256,B3938-K12,SN-200403-000030-701,Metformin 500mg Tablets,2028-10-09,13,3,in_transit,56.4,medium,4,2025-08-20 17:01:40,2025-08-02 17:23:40
31,c3ae3a162f6749d561b03232d096a1b9fb6400b51fae2f426934a6eb712a28cb,8dBZvV7yVbq9Ew6AQOfMXSfjSNTtgatwqilBIzbvfLuxsyf3,99513134044402,B5040-X90,PU-201510-000031-708,N95 Respirator Mask Box,2027-01-28,5,10,created,39.57,medium,4,2026-02-02 19:31:40,2026-07-04 06:49:40
32,e3875ec27e7edb1fe645527221d67a91ef0dce515a7d3567216dbbc861e0fbdb,mt78sREJpxYyhIKHQI7CRBsQYXzENpOSWe9DyF5QHXw3HNfV,63609637940255,B4621-O57,PU-201105-000032-574,Diclofenac Gel 30g,2028-09-17,17,5,in_transit,2.46,low,0,,2025-05-17 17:00:40
33,dd131f01f4f4c81c094c0895a835f10cd524ec33d533d600f35c8c4c8591ff96,CmDDBRtsYh0OPk9pkjI7ozlNAbMmKyRmUYdg2luC,28565653868726,B2388-V27,PU-200005-000033-220,Ibuprofen 400mg Tablets,2027-04-16,12,23,created,38.85,medium,0,,2025-10-20 22:25:40
34,bbe29780b5a99a31b908a02c98e51371c089d372ee44fbf442e2a29a0bd1efd4,IEitBdwaiY7FEQz0EfbVsrHkCUVIhhWZ,38075918729438,B8193-D40,SN-202503-000034-930,Levothyroxine 50mcg Tablets,2027-10-05,23,20,delivered,16.6,low,19,2025-11-24 04:35:40,2026-04-20 20:35:40
35,955e6d4a3f2cd69780dddd232fa06015c91d0ba73f350674083d120245a6d7ce,sJ7F3YiUzdrORijtp0yiNMxeXVyUR2CEK10f8NR0Xy8ZEurH,18787068091494,B3161-U48,SN-199106-000035-995,Cetirizine 10mg Tablets,2026-03-10,9,3,in_transit,90.38,high,16,2025-08-21 08:42:40,2025-10-11 13:24:40
36,5e4a7960dad6224b1aae94d21562612ad40e8c7a62a6929e5b8b60c2a9fb0e73,DioQaRY9AiexTgt2iVUi9iGaOBSMjzQ1,01753931205667,B1439-V48,SN-200104-000036-630,N95 Respirator Mask Box,2028-11-14,13,10,delivered,78.38,high,0,,2025-12-29 19:31:40
37,d3fd1f70c3cec13357e9f0a2c08a78ed96bf3bbbaed7a3fa90608826607f70aa,95i1JwQV7VbeqcdWFMFzRfHMrtFmYHyN,86067800446377,B2956-A27,SRL-201701-000037-111,Azithromycin 250mg Tablets,2027-10-01,17,17,delivered,72.08,high,17,2026-07-13 15:48:40,2025-07-25 02:52:40
38,b39b65b1f95e03d21262c9529f35c65fd67c4ffe7cfbdb2d4e53704459f267ec,SJeCwEJwpgJSoFc1pDxj51I4TAtzSqexF3lX87eC,28350253645471,B9954-Y41,SN-200501-000038-106,Losartan 50mg Tablets,,18,12,delivered,,,6,2025-09-04 07:03:40,2026-05-28 23:54:40
39,6e35002589aa901aac386e0316e1416f77b1c9e2c961ea8ac4e2a9f4f9ca78f2,8irco0z3CUKFNyKdPis05yZuCo6iVggB,31374480837628,B3430-C41,PU-201811-000039-505,Doxycycline 100mg Capsules,,10,9,sold,17.39,low,0,,2026-01-18 12:18:40
40,ba5646561a2d0a128efb5d7a1376bcb7e4ccfec6f377d65c8bd45b4db50b921c,aZ8iZxNNKqYbd3Bh4ZucCkJYybQknlr2,06224502118568,B1319-M55,PU-200209-000040-657,Ranitidine 150mg Tablets,2028-05-12,17,11,in_transit,17.98,low,0,,2026-01-12 23:47:40
41,0086d403341362922443a4e36b55794d1bbafd2172671d43a96a77ecd950eb51,8gOqY4d9n0Xv00kKXR4bR6IIl92EtEfo,25092179830597,B9622-L19,PU-200912-000041-821,Clopidogrel 75mg Tablets,2027-01-22,11,10,in_transit,97.59,high,4,2026-06-13 17:34:40,2025-09-20 20:19:40
42,037dfe6f9ac50ad4682d059fbad0381eda798693937ace6e73058d6ea32d1f76,KktQhT66y97cL57nJ6iUo8k2fRN2BqpepgaxT82ExHgD1OQk,08239013758056,B8909-W13,PU-197208-000042-769,Azithromycin 250mg Tablets,2027-12-29,6,2,created,20.56,low,5,2026-04-20 06:54:40,2026-07-24 14:44:40
43,a83939705083832865764e20faa3c1f10d9024405b2c8e89fb81c38402e0e47b,jwAsPLmbksf0tyEOfHl2wBqCoqdUPfvH8KI0YzH1,48409759866171,B3738-G34,SN-198212-000043-143,Losartan 50mg Tablets,2026-01-31,7,21,created,59.5,medium,1,2025-12-03 05:15:40,2026-04-22 23:40:40
44,43f33b04cb3f06470c30a30ca3cecee035191a4a221acba3bd7ff5688bf60083,WMGAzjKV65IgrHvzxELcriLRc3uoU53b,83246081948246,B4079-O37,PU-198605-000044-858,Ranitidine 150mg Tablets,2027-10-28,2,17,delivered,6.56,low,8,2026-08-28 10:57:40,2025-06-20 09:16:40
45,fa4c7659ce605c87cf205c85459dc3675c0b9ac8905cffc9b3c70a079c415db6,C4RqZFNhbxKl1Kvk3UQrxkJ71OQqzbWV,09660283964332,B8646-J96,SRL-197407-000045-944,N95 Respirator Mask Box,2027-01-23,1,17,sold,96.65,high,5,2026-04-11 19:03:40,2026-01-08 13:48:40
46,b7d6872640918ed5d85e2f0925544ca7b16fd751bab1bda1cffa625a28db0c87,urO7OlGod1YztibEs4zTK9YvSQND6wskOIsDTSI463Onn2A2,35410656411654,B3470-E35,PU-198303-000046-519,Hand Sanitizer 500ml,2028-01-22,5,11,sold,18.04,low,3,2026-08-13 15:41:40,2026-04-24 09:21:40
47,19ab185ad4b7515ab3cd9e161c7e68954202d2c09a716f7137a0d503ecb759fa,VEVfMNz7xcmxatZlPMpQvhxKkZssTKu39v3wl64zoTiTKkwO,08250966064354,B3508-G98,SRL-197509-000047-745,Amoxicillin 500mg Capsules,2028-08-18,4,22,delivered,62.28,medium,4,2025-10-30 12:51:40,2026-07-15 12:38:40
48,ca0aa7b0bda8adca6638414973652e8aef3604662d2a065c72325954f7d31b59,WZ8wzjH4QDoafgJE6WeS4NC8qdY20wPA,18801638927331,B7557-O44,PU-198510-000048-806,Ranitidine 150mg Tablets,2028-08-05,6,4,created,72.64,high,7,2026-01-06 21:26:40,2026-01-30 10:30:40
49,090225c94bb086f3dcf677bc0c2eda618a93ce9f779fb7f88e4b21ed964904fb,L12T3DE3BdOa1GUSn72GQMATDPNjZ3Ma5FDEkUtu,25538045043970,B7609-N14,SRL-200601-000049-662,Amoxicillin 500mg Capsules,2028-12-29,20,20,delivered,89.01,high,11,2026-05-20 01:48:40,2025-11-28 20:31:40
50,9cc5acf44e92a9460b4d5bdd505dcd9eff6b1ec6d574a26ff979879642b52fc8,wCgOawNXHxg3EYUzpmh0nZluUcNPh3CKF7aTIAK5W4QkYgOL,38466233281685,B9975-K80,SRL-199009-000050-322,Omeprazole 20mg Capsules,2028-10-11,10,22,in_transit,67.24,medium,2,2026-03-29 18:02:40,2025-08-18 04:34:40
51,025d631a9ecf6a13e5034330ef8f0dd7cb4dd1b986e4bc0e59e6719ee26a504a,6SP3H2AagxddqW8QjdWmHwCMPInOyFXRQcxzWQ7dUm11BnNR,35717149097102,B5329-E30,SRL-199012-000051-966,Cetirizine 10mg Tablets,,15,23,sold,3.99,low,6,2026-04-10 00:19:40,2025-11-21 22:47:40
52,e8c9ed9148c6a328908545b2031b1e617215d695c6c540535295af6c34246615,tnleFzHfnnuwnUG9Z8aPB4MM7Qt46xHr4YxXBc3lF6k7HaeP,78415797697143,B2433-C16,SN-198111-000052-913,Cetirizine 10mg Tablets,2028-05-21,8,9,in_transit,45.11,medium,3,2025-12-12 15:28:40,2025-09-07 21:05:40
53,a7e88e1fa4ffcd0b6627d15bbbae3edbb4cc5041f22379f2f85f8ab686dac421,c0wFrQLr5xYbjnUX0sNs271O7a2icJyHfnTTn40ilMphPJdU,95606215936220,B4170-K72,PU-198502-000053-436,N95 Respirator Mask Box,2028-09-20,19,5,delivered,36.45,medium,4,2026-05-20 17:22:40,2025-10-18 02:52:40
54,272cc8e033cb85a58f71c738c212fbca89ad3c815bb87bcf1a56160e71ae8251,QuDBWEgOfrZ3mTMT30NYJVncq3HOjy3K,81503029967115,B3395-X71,PU-202302-000054-141,Ibuprofen 400mg Tablets,2027-06-05,3,9,in_transit,4.28,low,12,2026-08-19 14:28:40,2026-03-30 12:24:40
55,92fba1b4d9c6ac834cde264000efba68e713eb0df1af857443d394fc75099f42,ZZqHkOwOZGx4Gv1EDLFikeNnlwShoYSDDnjZbcJjNcJdql7L,50762049818678,B3979-T94,SRL-200609-000055-370,Azithromycin 250mg Tablets,2027-09-26,15,20,delivered,22.98,low,1,2025-12-26 18:43:40,2025-07-15 11:31:40
56,4b7de9946395cd3ddc2adadea9668e2536e25ce964e275d47111324c6c9b9144,3L2GUfO3Ha6QAA2RA6DVvX4ZJApV4fLHpaUaGGxm,84145255693255,B3928-L81,SRL-200407-000056-595,Cetirizine 10mg Tablets,2028-05-24,12,25,delivered,73.58,high,1,2025-09-18 11:03:40,2026-05-24 23:44:40
57,0954949c5c961dbed2a3b0d45ba6228f69885c2018a2e1181f34f7c1a99fc398,MQdyNXZDLfqwLS5yOr7dVkEa05GmWFRMPwO8fryPzmaR4ITI,53829440155531,B9409-I78,SRL-197909-000057-356,Pantoprazole 40mg Tablets,2027-11-01,19,16,delivered,75.75,high,16,2026-08-28 01:02:40,2026-05-02 13:45:40
58,9ea6d2a6f7fdd8a033c796675027d9eec3fd3bd9bc26ae4c386005ada6d0fb3d,Pot7GaZpfPYe5Dv3q6Q4EmT2mmpMjg5P,66750464988499,B5591-M38,SRL-201105-000058-231,Paracetamol 650mg Tablets,2027-12-18,16,18,created,34.73,medium,2,2026-01-19 05:25:40,2026-09-07 15:26:40
59,7faf2dd6ac28bb8ca31b94b930b9561cb37636ecbdc7936b3719353cf61bb04a,gw1lqq7vlAzUwyBJ8QYSXI1mXTDaAi3NHtEp1cgknp0fUqwI,83436656592357,B8322-C58,SRL-197904-000059-393,Salbutamol Inhaler,2027-03-08,6,21,sold,33.74,medium,0,,2026-03-20 08:49:40
60,857cf0d9227bf12580b8d8c0def49a007801b2b314d11063f74a0f8b71ef8584,SLy3W6UGBk0hopUUnyf6DdVG9gMf5yoTBhGkcw41,48951955478465,B6688-P79,SN-199107-000060-924,Insulin Glargine Pen,2027-10-20,14,9,created,1.06,low,2,2026-09-06 17:10:40,2026-01-03 00:50:40
61,d6075a513bd0744b2b755caf2940b26a112df40ddd52e407324da85347eb3869,XLXHl2BpSOZneMGXMRqOGqleigCCREtj8b8rhBaf,02474360071235,B3975-G42,PU-202602-000061-948,Amoxicillin 500mg Capsules,2026-05-06,13,25,sold,24.72,low,2,2026-05-28 00:45:40,2025-09-28 06:10:40
62,98d609b48fca4b9e808e515bcd58ced6ccbbe18cf65fdfcf7fb56cb880ba31dc,TUIhDswdP8oAaXKyp8KQQjVpEQu8VdwjHgEtINv3TbxSpcRI,54553485815485,B8439-A91,SRL-200604-000062-488,Levothyroxine 50mcg Tablets,2026-10-30,20,12,delivered,23.88,low,0,,2025-09-27 00:20:40
63,9978bf0ef66feea1bf41b6af8550d5eb96fe03e47854ffa01508e05d2a3f533c,rztfOc6lbglbNyEMKdnSa5O5ZDNwU3YXdMGTZenGgoxlOJ6I,57756741755655,B6772-K80,PU-200107-000063-965,ORS Rehydration Sachet,2028-07-20,14,24,in_transit,24.07,low,56,2026-05-04 04:41:40,2026-01-25 04:09:40
64,8cc41318f02bcd62851f0a99cb4e09c501547ea9cd6ace15103fb947dc871671,KG9ssn1bYQrII5jcwiwKoYfy4TSXkZQJ4KsTJedV,38488266073305,B3450-K74,SRL-200810-000064-326,Metformin 500mg Tablets,2026-02-21,15,25,delivered,50.47,medium,0,,2026-03-23 13:39:40
65,52537c680d8e2a50efcf041d0f2a6d62e3fd8279a2fb1721b0b0b45f79c0a326,HqyARVDmyJI9GpqAQJgzwlvOVkvYXMB5,26170726182383,B8719-A52,SN-201710-000065-857,Multivitamin Syrup,2028-04-22,17,25,in_transit,48.3,medium,2,2025-10-07 00:07:40,2026-05-04 11:06:40
66,16c9582ee6a71e61511e8bdbb14624ea8e9e2436f1f2dfd79e77870dacb95256,MdOayq0O1b1Oox8gt1GlFC5bpGuyjvvMo8FYM23YbIrj3Ofx,96622199352158,B3262-J98,SRL-201312-000066-636,Metformin 500mg Tablets,2028-12-07,5,21,sold,91.71,high,0,,2025-07-09 11:23:40
67,f566d2b5ab5fb4eddc1df7f5ca26c94e5680e5edb5722e3195b9ecae08592457,2zzB535qWglVLqJooQwQDFLSx0EilbVaqzU9Ue59,84342407336755,B1630-Q23,PU-198212-000067-567,Paracetamol 650mg Tablets,2027-06-19,17,18,in_transit,73.52,high,0,,2026-01-29 03:13:40
68,7308a783722d181ab4137e215ae926f78256506e5873e0fc902a8f26d5354212,CAMdGiZCShW6RizBlKSmCpQ4XShhBwGxXF6xxV4J,61817437461126,B5146-A68,PU-197110-000068-975,Ranitidine 150mg Tablets,2026-10-16,20,16,in_transit,58.89,medium,4,2026-09-08 08:13:40,2025-12-05 07:30:40
69,486dc3ff6a7f95b63793d40359cf2436d0793c3577d1be72a4a653259815ca67,djOc0PZs5dzlPLQKWkCJ5fswxeAIsiRr,55661769469926,B6185-I77,SRL-198711-000069-738,ORS Rehydration Sachet,2028-07-01,19,16,delivered,63.19,medium,0,,2026-04-16 10:09:40
70,e2004a1f97dbc2a66b937cc315a4400fd9acb1dd4d83c609443f6a00daf66f29,Mh0X9zuINamrWtFuaQvSMbkuuP4XODM3HuWzUZsS,35267839209685,B7382-F86,SN-198503-000070-985,Diclofenac Gel 30g,2027-08-29,23,2,in_transit,8.68,low,0,,2026-04-10 11:02:40
71,56df16b9d0f8014192a63ac4a49beeb2ec2ba66c2f07754c38cb25e44c43eed1,W4BbDFl5TGWi2Y6PiSCSGa5QKfCcGOtJ,38312341120652,B6739-R50,PU-198112-000071-244,Pantoprazole 40mg Tablets,2028-05-20,8,6,created,61.33,medium,0,,2025-06-05 19:06:40
72,54bd27dc43cb97e779e70d0696266c87377ec6d67ff384cad898a4386e43d347,fyR3NQBwumVYe5VJfXRgtNVD6i3pwl4u,83401482355471,B2162-Z48,SRL-202306-000072-572,Ciprofloxacin 500mg Tablets,2027-06-12,20,8,delivered,97.39,high,3,2026-01-31 21:19:40,2026-03-19 22:25:40
73,c904ce1143408c2c9ebb20f838d4a3c60a090773a768ff81a7014d513601761f,PTSZhKugBtzLQKYuNdniKUYUOCsMBm2sXQ46S49KLF00d38a,59120456744211,B7301-L63,SN-201909-000073-395,Clopidogrel 75mg Tablets,2026-09-05,3,21,created,72.13,high,0,,2025-07-26 02:14:40
74,4da0bd3b2b15ef92a2498a80ae142033857568d3ad8fe7e0193e9af9930f64c5,LAlFIBwlLJ0oFzHw8JRhDQiT88WCe3fDT7eNXtdvWDFDTA7X,20977504109862,B2351-E74,SN-198711-000074-971,Cetirizine 10mg Tablets,2028-07-02,9,9,sold,1.42,low,20,2025-10-09 01:46:40,2025-07-25 10:53:40
75,f46c8efab337ff3c0062d71ebdeff596843fab63a3113c2c8e8a17b02656dd4f,EX1vfi5jE9VoBNnTvNUhkysUUHxRDi1a,94696096949832,B2610-I93,SRL-200702-000075-500,Salbutamol Inhaler,2028-11-16,8,24,delivered,77.05,high,0,,2026-09-07 14:09:40
76,2fb7fa1d31d10fc86b687c758091993eab9e737fdd55dfbbc2ee5892c6ec5604,gBnrlbf6OZ6NRh1iO3J73RpC6N5rA4VukeWxud7qBE5LlEiV,26971052481696,B5365-E99,PU-199206-000076-500,Hand Sanitizer 500ml,,23,25,in_transit,43.61,medium,0,,2025-05-10 17:17:40
77,ad978935057e41fc9b485892b0ae4e14d4396da17c9e8bb9daababe3f1eb58f2,J5wQyN7fH7eCVOkcxlR3NwfNTilSKEdH,35849007018646,B9791-E84,SN-202111-000077-173,Paracetamol 650mg Tablets,2028-02-23,21,1,in_transit,,,2,2026-04-07 12:40:40,2025-11-03 10:16:40
78,5c39fe5577d93425f23f1d85c254b98b0c0f4988ae67f96dfcd2be6ce458e06e,hKMdmuZTyhQHt7nckdqUkwkpKiXNxj2f,09752674112421,B1616-T33,SRL-199601-000078-611,N95 Respirator Mask Box,2028-07-14,10,12,in_transit,55.77,medium,5,2025-08-17 22:37:40,2026-05-22 01:20:40
79,10343b000c70ce68525805db29a5c1287eba307f153419b8876c145aeacb8d24,rmXQ8DkPcNrAuXVcT5kWEh3SKumPuWug,78324481943176,B5418-G52,SN-198501-000079-132,Pantoprazole 40mg Tablets,2027-07-25,5,4,sold,45.86,medium,3,2025-10-19 20:12:40,2026-06-15 21:34:40
80,aeee761ed7ef0293eea420d86dad2ac6124294a2ac62aab6697b385ff8e850cb,zG1nDCaA2pAn5643zc9TFAyYRgEfUQzn,32906145594171,B7068-U69,SRL-198312-000080-748,Amoxicillin 500mg Capsules,2026-12-22,13,23,in_transit,3.27,low,3,2026-05-27 19:04:40,2025-10-29 05:22:40
81,0b4b8d297bc78f97b4e730f58d048bcb10f117c73e4659c4eac4ed2eecde554d,6P3gwMwkIeRm8ohD6J7nUnvqQrdvEGhSQHsMX6Y6e3Ce3r7g,26485629513462,B2031-A39,SRL-200110-000081-760,Vitamin D3 60000 IU Sachet,2027-09-27,21,21,delivered,48.61,medium,5,2026-04-08 22:01:40,2025-06-09 06:59:40
82,cc8c3304798067e1abc9345438d248827615cc3cdda10446ff88aefd3b18fcd9,E8VcvCk5Sr80QPjocthqlIctvxHks5zE,14307937429951,B8243-K98,SN-198411-000082-849,Ranitidine 150mg Tablets,2027-03-02,22,18,created,2.48,low,0,,2026-08-13 20:28:40
83,8747e7b361b8b484c282ed8a7d682c36cad522cb75b47427cf7bdfa517bd0d3f,n6rbHBPfFmtL64wj0wxrv82fTB9XrX8A3iKfmD19e7Ufz4zI,77113508835400,B5303-J91,SRL-200302-000083-583,Atorvastatin 20mg Tablets,2027-08-01,14,6,in_transit,68.78,medium,1,2026-08-07 20:22:40,2026-03-09 21:39:40
84,2169aa033e6f23b87c410e77fb92d99d659e8c972f53621af540e0483cf9724e,MDRhFJ0kdt2ikqA4wrG6FVlfUH2ZQsQQfJZaGxEv,91121868555714,B2251-D26,SN-202011-000084-591,ORS Rehydration Sachet,2027-10-17,5,15,sold,59.76,medium,0,,2025-07-21 12:55:40
85,133e76b27e846eb6b6bdf3b224ee211d46ee2c844a84f36c39b89c10e95d1a7c,iohieQWeWUcgXFdhpePUW5m3lvf066vjFToJgJanlr3H8gnF,73549133221911,B3226-P56,SRL-199208-000085-395,Multivitamin Syrup,2027-01-03,11,16,created,28.36,low,0,,2026-02-15 06:15:40
86,a538d491f9d952cd4e4a7fba295fa44d3985ca0460b88090c2345898a9a06651,3X6waPPyGPhyR8T3kwmm0zoAEVVKUX6w,69951414290784,B1438-F58,SRL-198206-000086-795,Vitamin D3 60000 IU Sachet,2028-07-08,20,4,delivered,66.11,medium,0,,2025-10-08 00:38:40
87,ec687f58f143735f57b330bd4639d62729b8b611d5746498f3ce0ea219bef834,v1H7bA4xtxCcI1sREiSEgPOQJD0FyE8Mv8tbcZvUb3vgvwvO,26590330348592,B8695-S12,PU-202607-000087-486,Hand Sanitizer 500ml,2028-05-19,4,16,created,67.51,medium,0,,2026-04-11 04:42:40
88,9c0aa45f9ad7fce42511e8c388324252443533ba49cff5a04353bc14ba120421,0W0Hrc9yoUf0fueXDnXOsXAHmyMCVlbR1Jn7UC6HMVAJMGwj,16343802486264,B2860-E34,SN-199811-000088-351,Amlodipine 5mg Tablets,2028-05-06,14,14,delivered,3.7,low,6,2026-04-21 18:34:40,2026-06-12 19:15:40
89,60a157f6d021d1d2b93147bee928964e7086840352d91e7769a75ab7e557f8ab,Eb1fL13zwOf6SigT5GZ65p2ohYuKyUoAik8BpKEx6tAQ726w,78096869672539,B6945-Z97,SN-197502-000089-647,Ibuprofen 400mg Tablets,2027-11-12,1,13,sold,91.79,high,10,2026-06-21 01:29:40,2026-04-01 19:43:40
90,4db1d1f4208e07f178cc3fc8773cac6bf528d38e4944a35dfdf024a5cda6a81b,1Z6Dz0S2YZRFvLYTCbdNNXiyMtfjG8ZV0QXtDTqQ,87141898299669,B8576-G43,SRL-197209-000090-972,Azithromycin 250mg Tablets,,20,14,delivered,14.93,low,0,,2025-12-16 02:20:40
91,3dcf247b2273c0cb76b0fddf10bb9529e4af6e90d18091c1989da02c14ca0f56,ZEnm6YqUxAmnZTllXb8oBpKOfD28ynxALeId5DvL,68780539618011,B9074-K69,SN-197603-000091-191,Vitamin D3 60000 IU Sachet,2027-12-28,5,9,created,4.42,low,44,2026-04-20 07:30:40,2025-07-14 07:36:40
92,1abf4dd25a3c8eee2a3210b8a05f1802cf8686a1cafd51b15d20f0211c03f49b,t9Vj0OXdjocqRB95cwREE01hf1lkFq3K,59554076806635,B2737-K29,SN-200507-000092-183,Salbutamol Inhaler,2028-08-16,16,15,delivered,26.93,low,60,2026-03-28 16:23:40,2025-06-03 22:01:40
93,311514e5387f6ee06b803cf5c5b95e635d1439200671f8d0460452338db2d5c2,XrXUHLfpoVybmyyO7jsXT54LwfwmByqL,04316059667956,B2375-J69,PU-201411-000093-181,Ranitidine 150mg Tablets,2027-02-18,22,10,sold,52.31,medium,14,2025-12-23 12:37:40,2026-02-06 03:03:40
94,461537f2ccc7213b8575b58291a0319f192d161b1c67a1dcec032261ef2a3723,JppfFhPllyf2sKCPMq72llUL2gHahkDQ17LEM8wPQyshaga8,82664671344011,B8295-P70,SN-199312-000094-980,Salbutamol Inhaler,2027-05-05,10,19,sold,39.17,medium,48,2025-12-31 16:32:40,2025-11-09 16:34:40
95,53e8339e28eb84de2c261df3868e2825267736840c20c637c6456601073b11df,EEKLQYESGAtd3zDE6vRbrlvon4vL0Ois,79867778627611,B9063-D63,PU-197308-000095-410,Ibuprofen 400mg Tablets,2026-11-28,1,12,sold,35.7,medium,5,2026-07-14 20:55:40,2026-07-11 22:55:40
96,32947c28bad145110196cd3101bb20572e08eee381341210203b0eaf571c2212,WVVI302Lgd6X7U8WL1gIFkhmwTRVE1jwYhm8VaZD,21274627571498,B9456-Z97,PU-199108-000096-130,Salbutamol Inhaler,2026-09-05,23,17,sold,8.48,low,2,2026-08-23 18:10:40,2025-10-18 11:12:40
97,82e21a305cd810b3bad4b8ef23089315ef9ccf7b4cf51209354c788c5e40d6c3,8X28z2R2StvZ3LjzN3MMBvYOW2fHyS2GHnFtvNb3HqZsAFT0,25179450327579,B9737-T39,PU-202606-000097-406,Amlodipine 5mg Tablets,2029-01-22,23,19,delivered,71.44,high,2,2026-06-05 04:40:40,2026-07-23 11:24:40
98,f1230ef3bafa432c807c4f3655ccfdffdbc2deacbcc1646dcf93851f322db060,fd3DBwGKGyqEAB5E8ZihSiR1hnDU6w7LzhJcjx9s,47150882841384,B6074-S67,PU-199912-000098-900,Ciprofloxacin 500mg Tablets,2028-10-17,20,5,delivered,50.48,medium,0,,2025-09-04 06:04:40
99,e750f5404ca7d2f4abfb5d52674b29cb67db6017bbb9a4d13d7e982136a95654,My3vcPBrfkbNVtNNf7HU7GUFbOG7rmZ0JfHtKE5vlbGxf8Hr,17196091720182,B2981-B35,SN-202501-000099-870,N95 Respirator Mask Box,2028-02-27,17,25,delivered,94.94,high,3,2026-01-07 15:43:40,2025-10-22 08:11:40
100,1768dfc835630e003ada0b2d7e999748b616ba31160ce73a7e1edcee93de92af,IKgVOhJB0FWiHkp77IcY7MOkd5qpQ90n0rkHefRZ,79825889697263,B4450-O86,PU-201810-000100-116,Pantoprazole 40mg Tablets,2026-09-09,20,16,created,0.96,low,20,2025-12-10 13:19:40,2025-06-19 19:28:40
101,3bc7928b584cc82b0d68b30ebcf3a1240a286c5ec38f1c48f61feabb1c2d4d28,3YBh8xLx0Y8hwlaUVQRlYMYn87cERLa9,61251176615719,B4734-Q45,SN-197008-000101-968,Clopidogrel 75mg Tablets,,23,22,delivered,25.29,low,4,2025-10-14 14:15:40,2025-05-19 05:42:40
102,9cf67f902d93f9f6f8b27361b536e9c9e55ea1f325767b64c9b34930c42d1f12,qQCwV2nrABamfJbT8AepktMfDYKMupgovduX6WMV,65000380194360,B1914-R16,PU-201011-000102-970,Ciprofloxacin 500mg Tablets,2028-07-04,25,14,in_transit,59.96,medium,1,2026-02-03 20:30:40,2026-07-22 05:28:40
103,26fdff36e88e97fdd44560ecfe2f3269f2a80ed02038b310e7b38dc83c0761e4,CulgKeWmJNpASBpXdtB7Ut2WjtvwaKQd,58841297366953,B6499-T48,PU-200808-000103-436,Azithromycin 250mg Tablets,2026-08-20,16,8,sold,63.88,medium,0,,2025-08-31 05:18:40
104,c5704e9f60f76c16ac3bf83e5ee2ab8492133f5ac1774826131e60a4d63f6436,yZaawIiBN4w8mrnqk0pmkqgZiO2unCwx,15764718115634,B5006-B88,SRL-200006-000104-293,Multivitamin Syrup,2027-03-12,11,8,created,79.56,high,0,,2026-08-01 00:19:40
105,88ab69cfffe5908ed152d040c55a21e3290578c18f7ddb5d72d8a2ffe4d0bb6b,ky2UxGlSGD7DKNXOm3ConAxj0pfUsGoc,53443420420925,B9956-U20,PU-198502-000105-333,Atorvastatin 20mg Tablets,2026-03-10,2,18,in_transit,19.66,low,0,,2025-11-06 11:15:40
106,ebc505d0284e523aa4ba46cd3d1bf3a64f0557b6b4e518325ae70b8cb168e371,HqVrv96YUaO961oSnoKIDYvf0A6zB0bi2sTEOvnAUVQsKJbi,99579533903439,B5991-C31,SN-200605-000106-791,Multivitamin Syrup,2029-02-03,23,20,in_transit,,,0,,2025-10-09 00:05:40
107,885dbac53f7d2ef870e92f025e8a4955d2fb76f729118fa3559c7501621933b5,Gk1zjgHDe71imARDL6KFQraidyYG42CJTr2CRSsM,81287491539282,B9810-J95,SN-197604-000107-814,Levothyroxine 50mcg Tablets,2027-05-21,16,14,sold,55.28,medium,1,2025-08-08 05:43:40,2026-01-24 10:53:40
108,484f1be87503b09fc1b8d942ff1b5ed9722747f4b305258afcaf2ebcd15e0f8e,CeRUxU1yah4uUEeIp6iY0kbgsHyeVPjw,20626886783300,B7183-Y35,SN-199408-000108-483,Ibuprofen 400mg Tablets,2026-10-27,14,1,sold,33.71,medium,9,2025-10-06 10:23:40,2026-06-18 14:43:40
109,0f80fcf0d0cc4df86d6e18c9c1ab0ac5db712fae5b3507c48cd581f0dd8ed758,uMM5yAoguaOannOrMc2zVE9SX5JpfuNy5VikVQ8P,00945757007124,B4990-T20,SN-199509-000109-240,ORS Rehydration Sachet,2027-05-05,5,13,in_transit,3.79,low,0,,2026-04-01 19:19:40
110,17fa9374b5acaf5221bbfbe56f7441c95dea03c1c9afad4149cca6b3b3086403,XzYUoTvmd49XRn2GlNeE7d96hkIXmFACkmALsJ7m1D6wxDAL,41947409355133,B5640-M81,SRL-202401-000110-592,Insulin Glargine Pen,2028-10-12,16,7,created,,,5,2026-02-11 03:22:40,2026-03-04 03:38:40
111,1db3e20f41d0750687e3badfc1d2ceb797fa73e7549d7ddefea7dfdfc88acfe3,e29h5kV7VUvRNwdxApD5wRbPjL6jpJPkhfSxR8e42kAQFH2K,77981578227601,B9056-A22,SN-201908-000111-892,Pantoprazole 40mg Tablets,2027-12-11,21,10,delivered,17.06,low,0,,2025-05-14 12:41:40
112,3fad0f39d45cfe8c0b3a37d03b77e6c540539110b8b81737b00a88a52a107fa9,ldlVq3zMM1ksxrvKDPgdUaK9gGaL9V5D,34389896303314,B7583-X27,SN-198412-000112-716,Atorvastatin 20mg Tablets,2027-07-24,23,25,sold,36.84,medium,4,2026-09-09 19:17:40,2026-03-31 15:29:40
113,4627d56d070bee993aa8d31e49ff74668a4e1aa93d8a6db8cacbddc59eacd4e2,8TQoETXv66DORgxLS12WSbEfZ99C37DH,21961909332769,B3016-V27,SRL-199805-000113-748,Levothyroxine 50mcg Tablets,2029-01-02,23,11,sold,93.18,high,5,2025-09-08 16:22:40,2025-09-05 03:28:40
114,179912c419af0dc823df9f0a115af6e84e56b4ce613b52a41aa4744bd55e949f,7BoqsgvKl6JhtxTtKlyAVX5hPKga0tYsnQjrU0ZctFQq0JNn,29081789279787,B5900-V30,SN-198002-000114-661,Ciprofloxacin 500mg Tablets,2028-09-04,16,12,delivered,39.11,medium,10,2025-12-05 04:03:40,2026-07-06 05:21:40
115,2c7a9bb5efe6e7f956451d396777114a9d257b2a2a9bf7b11c84a610c8787667,0RCkiRsinUTaTJQ9j6A05f8ld8OK8Mzc,24696367678626,B7018-A25,SN-202109-000115-184,Atorvastatin 20mg Tablets,2028-08-25,17,8,created,57.3,medium,17,2026-06-11 03:39:40,2025-10-15 17:42:40
116,df689b6c14a4676018fe9bddb39c94a989100e3c7b6891d7961c046ec3eef4bc,gd4XlYbIHYEGKSWhU73lLlIXhhmjI0c8,53549039576456,B9563-L87,SRL-201905-000116-622,Omeprazole 20mg Capsules,2028-08-19,2,8,created,14.17,low,2,2025-11-13 04:52:40,2026-07-07 16:30:40
117,022c37b0bcc88dd4ae21a0e42b3036b9636c3cab9162a398004bb43da6e320f0,px4yfpARHeT9RlxOYLAj9AbLehgHeNwuq1nax8xg5kTtYEGR,85681933795584,B3090-I11,SRL-198612-000117-625,Pantoprazole 40mg Tablets,2027-02-17,5,13,delivered,26.74,low,3,2026-02-08 17:40:40,2026-06-10 01:47:40
118,8f316e696c09f13626526f82ab024ff09e8aecbfa5e1fd48e858de6ac635eac9,r7GS5oNfsV0NeofJfr5Ya6P5iEQPHhalZaAHv9O596QcBk5V,91313041936888,B5752-J71,PU-200603-000118-371,Omeprazole 20mg Capsules,,21,19,in_transit,92.31,high,23,2025-10-30 01:06:40,2026-03-13 15:30:40
119,9cd3ab1a79773ecaf432035c96ef6e6373fe4c30e99ea30aadcf0862a3b16a78,va3lvgEfFjhEjOoysAlYgB0kvAw1mlcyU3jmDPqA,57737859831101,B9192-A97,SN-200407-000119-153,Clopidogrel 75mg Tablets,2027-12-24,20,24,created,48.02,medium,0,,2026-06-24 16:37:40
120,29d34dc76abc3574706f80e7c7712be0cd933539cfc5e19dac91d7c4cdc8ca71,V19pYmRYRFl9KNoic95AMfdzsNouDFNsqrvztccd,72491193300583,B6920-X85,SRL-197808-000120-719,ORS Rehydration Sachet,2027-07-20,7,19,in_transit,88.72,high,5,2025-10-11 09:57:40,2025-09-16 01:10:40
121,80b6d5945b390094387f4479229d8a595a5a6983a2803578227801ffe4c1c509,MsDVHjhzS3V0IvwNhBDG7Xkq7r7d8lYEHFeBFIyLmaJKa5FF,72822125269218,B1844-U41,SN-201303-000121-647,Atorvastatin 20mg Tablets,,12,21,delivered,36.91,medium,5,2025-11-02 06:49:40,2026-08-12 19:17:40
122,d2872521a9d8bcd223e4e5695448305260ecde2f4eeaacb9208b83cbc8a6c2c5,n7k8H8WWgUxO1NIYnqKYUjoTw3fll1lETObklyLe,02991578630876,B1716-E41,SN-200007-000122-374,Metformin 500mg Tablets,2028-06-16,1,1,sold,10.63,low,0,,2026-01-08 21:12:40
123,3180bb90b2596bb10feebef98d8a42344b01a883e498554c9017569d293e8182,tDpHqHbcHg2zanoxvr5QQS3E9n7reuw5,00143148662824,B7047-I19,SN-201402-000123-982,Metformin 500mg Tablets,2027-03-10,11,5,in_transit,72.13,high,0,,2026-02-04 16:52:40
124,de2011312cb35bdbe5ca4cf4f306713021128f10e5917add6f208735f2ae24bf,9lxtAQzXuXOpzEHHYxKAJQURoa9bI75dv01Ysi08,92801973093760,B3591-A28,PU-200001-000124-244,Insulin Glargine Pen,2026-10-23,19,14,created,18.24,low,5,2025-09-07 05:41:40,2025-08-06 19:25:40
125,ac58da1f5ae04f29a3d475d45707ea6c2c868a02e2e54ab4e515e5be28aaba36,j2bUFaZQ2IZ4FRAj8G8hnMnlUI0YDtNZ,18611068025057,B6064-G80,SN-197001-000125-753,Paracetamol 650mg Tablets,2027-01-06,19,19,created,98.65,high,26,2026-09-07 04:21:40,2026-04-20 03:37:40
126,7cb3dc6c3b20ddc754389f184300944de43e568ebdb1df3b846980e97aaa1e3b,S8RgzTgYjKxK0rjC2fS2YOVj7GTO5vWvw1A3VymL,01648185970039,B3645-C45,SRL-198805-000126-472,ORS Rehydration Sachet,2026-06-11,23,25,in_transit,98.61,high,29,2025-11-24 01:07:40,2026-03-09 06:44:40
127,72d9ba8d517544a98a6c0befc242c5e29f7cb8a4f1c0c8b2742b3dca9b474f3a,4hw07xQFq2QMNTpYa0sjyeyCfCN3CfT45Vmut9ERDrcjDNtb,63934408962600,B7636-C48,SRL-197102-000127-562,Losartan 50mg Tablets,2028-08-26,9,6,sold,9.24,low,0,,2026-03-17 02:39:40
128,72c8460a732e2eabeb5545b3636e6cd05f82eb5b74af052150be5c7d0c6e5493,W7B4JZI3mSJiPZTZTa35EtXPqS961NNJcUlRWLnnlQ7wwstY,14943849394351,B8141-M46,SRL-202209-000128-805,Clopidogrel 75mg Tablets,2027-07-28,23,20,sold,90.59,high,0,,2026-09-02 20:10:40
129,ab46176ff49370f1f6cf31f4fc6d8bc3b0dc3dd1ba14d805dc255f52a6982821,UMHNFXP0nWIh16vXC4NWy6WFqOt34Pa4cbX0GTtk,54536309493743,B3595-N39,SN-201910-000129-827,Metformin 500mg Tablets,2028-07-18,19,13,sold,62.73,medium,0,,2026-07-26 15:42:40
130,ec4c7e7cf9e316de6452093e4956772ce14e8efa223cc14903e6a9ea6f2305af,jMH8JbT8NWlOnm0TYxqdfib91g5hiqle04mgXzEMnA3NBjs4,66813395052165,B9486-Q29,SN-201702-000130-987,ORS Rehydration Sachet,2026-05-22,1,11,created,8.34,low,2,2026-07-26 04:24:40,2025-12-02 19:51:40
131,c1b71019e7673437ef2463bf18c47e32ce6fd8480ad65c25fb9f9c4c355d363e,B65pm0S7gXKkmSABKqtgxmv3YB37pzL26GyhYAlp,23130672532022,B4562-D81,PU-198706-000131-833,N95 Respirator Mask Box,2029-01-14,22,3,delivered,64.63,medium,0,,2026-08-17 00:38:40
132,f16b21553ca680e2a2868a9e20055a63992bb4afa419280d3a1819243292a090,AhkuxJrN194r0y34cNefXSrUyItLyRC07hxMbcag,36411939998271,B5985-C43,PU-197304-000132-804,N95 Respirator Mask Box,2027-11-03,9,23,created,13.78,low,11,2026-02-11 19:41:40,2025-10-04 12:36:40
133,25ee382a8e49e8ca1d2d3fb328534ec071c6a3b94cfedafc8edc5730a44d7196,DErVDfVSvZpO1ReEnPDxEvYVFt6RO0gi4xCMmyeAQ6JgCggb,42453153234343,B1805-U58,SRL-201910-000133-532,Omeprazole 20mg Capsules,2027-11-27,6,20,in_transit,60.74,medium,1,2026-07-17 09:02:40,2026-08-15 14:33:40
134,f16ed03983be259ebb128808ee68a62e90692c4aebffe1014b82c3350260a7f8,Gr2RzynZQEkmNRral4MT0QkQkuC7PAb8,81703408400622,B9243-F28,SN-202309-000134-202,Amlodipine 5mg Tablets,2027-09-19,15,16,delivered,98.98,high,4,2026-03-15 06:24:40,2026-03-24 23:20:40
135,85af639e522e2fe8d33df5cdf3352caaf3f69ebf4ce7b9748cf207571ebe8880,EqGNjzn9wbJRAmf5xgqMH492k4vuK6rlJRZhXJXvga5jQGrI,14024281403801,B5641-Z74,SRL-197411-000135-887,Multivitamin Syrup,2027-01-07,23,9,created,73.31,high,0,,2025-05-22 04:54:40
136,758ea0cb72e1968fcca7b76d9cd6bab5ab78c23e33416514e47fc94105b0e3cc,xy435LkB2XiVpzmss5ClWZfGRFQwvC7C4bVfi4WJxM32d0hP,47580291585681,B9369-X16,SRL-199707-000136-309,Doxycycline 100mg Capsules,2025-12-31,5,8,sold,63.97,medium,17,2025-10-26 17:57:40,2026-07-15 14:09:40
137,f38b99c313d82956ba2ad663c9b4284a4f2719010fdd5df5d38605e3d814bd7b,GpgbFy5sDlo0qLBOhjbiUoFRmDrgKwrx,74812135066493,B3282-O68,PU-197312-000137-109,Azithromycin 250mg Tablets,2028-03-09,7,12,sold,52.51,medium,2,2025-09-07 21:48:40,2026-01-18 17:15:40
138,184827e81f2956a58172dcbd4548fed0fd436176667754d48425f4e40266b41e,WO5e0D7LlRFOqRKKKZebToPEQuoV4Xg2Tx85dpcU,43601141651462,B3655-N77,SN-201302-000138-188,Hand Sanitizer 500ml,,22,4,in_transit,81.0,high,3,2026-08-06 05:58:40,2025-09-26 16:11:40
139,a81894a804cf63711de7be3f6bf22a89659f802fc0ddb008210744878ddd785b,EZJDvMIieAxeeWshoLun65pRe28eJ05FydRgD4qbuquViHT5,68209977099560,B8844-E44,SRL-201306-000139-142,Atorvastatin 20mg Tablets,,17,8,delivered,43.15,medium,0,,2025-08-07 09:35:40
140,1cf31c2425352db3329be546ef27da3e7033f2dc6a1d21180c15189655c3de07,QTIdVRAAiB38wmBdoKoU3XJ9aSYehlcvOpsLDhep,54739279726526,B9248-D16,PU-197704-000140-520,Pantoprazole 40mg Tablets,2028-02-20,9,3,in_transit,13.71,low,0,,2026-03-04 16:17:40
141,ea5380fd55f96dc4397f2be96feb8aecf4d008f26eb4f72be75507eabb47eea0,8ROChEcrxZfrLE1xcmlAdsHvbL354YKU,38447701376894,B9501-I30,PU-199612-000141-578,Levothyroxine 50mcg Tablets,2027-06-11,5,1,in_transit,68.26,medium,2,2025-11-23 04:07:40,2025-10-31 07:46:40
142,e964977807551e4f9d2abbfa66312bb0f5711df2866a742bcfbc7207f31c8939,WYLhJtqlCBC7D0nd6rLtdlVr1hNjMdhcQ1JcSdSq,26837630452338,B7815-C92,PU-200103-000142-996,Amlodipine 5mg Tablets,2026-03-27,20,12,in_transit,40.81,medium,0,,2026-03-07 14:51:40
143,7f6423fef361f418f3f3a918155b190c6ca6599bb50a1b255ff529cc4cf78a7a,bLYFWFKvnZcTx9ee6nFJHzT0GdDGBqZsppVwCUhoT2wvF4OL,44581574512230,B7898-Q28,SRL-198501-000143-606,Insulin Regular Vial,2027-05-01,6,15,created,12.08,low,17,2026-07-09 14:16:40,2026-02-03 15:25:40
144,ffd02b78b9f7f2328b43f4f257f16d3fe3c52265d74934046931d2233ac612f0,i144vyISh33KM9cTwBzBZrDilV46f3Kw,63455902358584,B6288-M50,SN-201906-000144-246,Paracetamol 650mg Tablets,2028-11-01,24,7,in_transit,27.83,low,3,2026-07-13 06:52:40,2026-01-05 01:55:40
145,e5a04d2a72cbd3d1f59399d5766287879d05a9c659964a45d836f6ca2cf6c611,6qLgorfIFkLc3HmEYwr6ABhC4S4h3EfirP8XUnej,34760680175158,B1583-U90,SN-199312-000145-351,Metformin 500mg Tablets,2027-05-24,22,7,in_transit,15.14,low,0,,2025-06-20 13:36:40
146,d3d486556fe2c5dbc50a04053f947a28f333da420300407289256d69258640c1,nAELScQMNovG7202PENLHsn73VABpAk7Ovyh201LQbqn0zIu,64842042604285,B2807-T88,PU-198201-000146-232,N95 Respirator Mask Box,2028-10-19,1,13,created,70.47,high,5,2026-03-09 22:57:40,2026-06-22 22:44:40
147,e61cba706585488e180198565531cc16a1105f4e28669e78638bc774da9a97f2,rkxzIpa0UGFXcrbNQcUYxyY21eFRTbUH,90538874734095,B7169-J64,SN-200007-000147-327,Losartan 50mg Tablets,2028-02-17,10,23,delivered,,,46,2025-08-16 22:24:40,2026-07-18 01:55:40
148,5d7af94e5e2c65559ab9d7b019c4a5f822ffad99bb0e67a22964820d34011ee0,yowINuY8fk1EpiMDSJoVptujtJzaQUXH,36375890163717,B3722-G66,SN-201105-000148-139,Losartan 50mg Tablets,2028-07-13,17,16,created,87.42,high,1,2026-04-13 16:10:40,2025-06-17 18:52:40
149,fe6ccec24f6bf333adcd1c87275f533c95766330824adfff1fb7071aa7798bfa,3IkrQX7xLDnuU95kSDtlD9aRmfCfMKeN2valr4ATwV5INmKg,21515635869769,B4429-F10,SN-198105-000149-321,Insulin Glargine Pen,2028-07-01,5,5,created,87.46,high,8,2026-02-05 18:39:40,2026-03-28 06:37:40
150,7b3f7ab539185b0fab2b5f174b2af9bd6248cc17c1e4cb081831653401203c05,IxxDtGG2076ZS0IEWQIAvbwCPTnI96xl,70450303296024,B1719-W42,PU-198709-000150-740,Paracetamol 650mg Tablets,2029-01-31,1,23,sold,99.72,high,8,2025-10-14 22:18:40,2026-07-20 14:46:40
151,d0d7c79965c0515bf1e1d8800167736037ed952e17cbdfc4c51a2ab90233b254,jT1iA0dNdgH8mMbZ0tR4K6G6yZPeZFTfBrmFkUZaqvvJRJCh,07159772307286,B4130-X26,PU-202606-000151-154,Ciprofloxacin 500mg Tablets,2027-04-11,9,5,delivered,41.4,medium,0,,2026-04-13 07:25:40
152,9f5353d7781961197cf6ecb10c887404f1ba3a5c2922947594cbf66aefd7601e,EJvNBNZcZxHnRvYXmRFZXfVqCbhOliKx,35076804361934,B4050-Y12,PU-200611-000152-928,N95 Respirator Mask Box,2028-05-22,23,14,delivered,47.36,medium,3,2026-02-18 07:07:40,2025-05-02 08:21:40
153,586ca3af722e849597dfa30cb4c19b1503ac2462dd4dd3cac5972f823bdc86e6,gAqJKkksLRG6JiPWdfXivyCOmktl1BSjIWajgIynDxCp4yt5,33268553690812,B6935-K74,SN-199411-000153-725,N95 Respirator Mask Box,2026-12-29,21,8,created,18.8,low,4,2026-06-11 03:00:40,2026-04-19 06:45:40
154,d17eb343020cf10e77f370697fcb9a4a03b25f20dafddf52b80f231cd4b4e9fd,c7AkQZCfQg1XatJxCE7yVsqNLXBxDuHwW8GxPju5,51874021438623,B5852-Y13,SRL-199905-000154-373,Azithromycin 250mg Tablets,2027-12-12,1,15,in_transit,63.6,medium,3,2026-02-21 08:58:40,2026-07-29 23:03:40
155,17c9523034b970e0e91fcaf78404f782eac6a3b4830c7f8e7570ca594c574812,NAr8QpZZTGCexj8N2x8e5UAb6pO2ZAhl,23582734747726,B7531-F96,PU-197611-000155-379,Amoxicillin 500mg Capsules,2026-10-30,14,22,created,26.71,low,0,,2025-09-13 05:55:40
156,5cbe965123fe3715686b5b7e9506b8f91a34d38fef95e15404b1ac2eedc1b7da,TLCAKHDIvtZj0EGkyyOJeE9fUGsUBCjKMJzVUrU9,35391321287995,B6767-Y37,PU-198209-000156-713,Cetirizine 10mg Tablets,2027-10-17,21,4,delivered,68.68,medium,3,2026-05-19 03:38:40,2025-08-20 01:51:40
157,dc096867688353eb919587b4fd36440b1f166c05e4d002a996f612c1218407b8,j2yaZVOQgJzzlbnLFeJzbLkMQ7bLWyFl4CSoDSmi,00546421468889,B5011-O18,SN-198903-000157-866,Paracetamol 650mg Tablets,2027-12-01,17,16,sold,7.04,low,0,,2025-08-09 20:28:40
158,f490bc406a8c34d28d4255c12aa68267e71dc80dfe9cd98018ec8f45bc61851b,bDTsyYVwSFOAhjqZUgkzv4XngNe3EpqsBWRJKVjrnwws6jND,42761236023527,B9467-M71,SRL-200305-000158-274,ORS Rehydration Sachet,2028-06-03,17,11,delivered,37.8,medium,2,2026-01-07 04:09:40,2025-10-04 13:48:40
159,58b330155da4e6fe363db7d39ac4a6c7c9d8b8eb8453aed4875bcb2099d34556,nrWWOwC4400WGomPygueIHT28dJppTQO,26406501809502,B8819-O22,SRL-198301-000159-900,Paracetamol 650mg Tablets,2028-07-21,3,7,in_transit,44.19,medium,0,,2026-01-05 06:33:40
160,6c2b3f0ff4aa4377e716e5507599c6b0880eb9bd489aeff1c75304d292ede4c1,1g2WmXMCaULEkFF6s1prItB86Et8DkeAs5BNHlWV,25351365117786,B3574-K76,PU-198206-000160-769,N95 Respirator Mask Box,2028-12-17,24,9,in_transit,26.29,low,3,2025-09-04 04:16:40,2025-08-26 05:41:40
161,f4026471dc99a294a4cc94ac14c8ce2089074d6491f52c4a8b1ba3e5a377fe11,yzVz8vX8VbRmSsxtXuImnF1gpuDSD8cOQ4ErLxgNrw5giUuW,41121025725207,B2114-Z99,SRL-197401-000161-856,Vitamin D3 60000 IU Sachet,2027-10-15,25,15,delivered,21.48,low,2,2025-09-29 17:53:40,2026-05-03 20:22:40
162,7a16e981e851f4f6fd72c355141ffdaa05dff079d1e9f38abb1a00e5500938b3,hzyEcG4FbBbFXWEJNTJ8WGX0f5L9UVAr,48760635684050,B7388-A11,SN-200510-000162-430,Losartan 50mg Tablets,2027-05-27,19,22,delivered,53.24,medium,57,2025-09-09 22:00:40,2026-06-07 11:56:40
163,f783dd741be4d89867fb7f641b8f3b1f11ee12abb9c0b70ad942946d1cc89c15,bL0WH7utomsAq6nwi3BZxBUTxBymxYfk,97171467319732,B2834-O12,SN-198212-000163-489,Losartan 50mg Tablets,2027-01-21,12,12,sold,83.65,high,3,2026-02-24 01:08:40,2025-05-12 07:23:40
164,6bc02a22667c5a030c92b48b0280d8f1fcc41bbe31aa385e83ac41e8f1cd105e,c0kaGiDcKnTsMZzkGjYPw5Wbmzx0MbbbDTizHVSk,13240944848804,B5208-E51,SRL-202105-000164-652,ORS Rehydration Sachet,2028-08-25,23,4,in_transit,74.87,high,2,2026-06-30 08:27:40,2026-07-30 17:03:40
165,ca6edf269cbdf6978435a395a86fdfba70b6825f4c1b9ce871d0c6e03f9136b2,2golOu8PGJ2ViAOJ5c4xcmlicXktJDvMYJCnMHhr,79382845663503,B1416-R26,SN-201809-000165-332,Salbutamol Inhaler,2027-02-11,18,23,in_transit,87.33,high,26,2025-12-27 10:44:40,2025-07-18 23:57:40
166,9c28e80dcc47398aca255bd67e9daaf5b16c4a286a0c82b9c31782b8064b09ad,nbTvLj1GXwo6GxgkNM0Uj6L1r76s383Di6apIt5M7dziYVY6,27631809281791,B8264-E96,PU-197401-000166-878,Vitamin D3 60000 IU Sachet,,4,17,in_transit,10.26,low,4,2026-07-09 22:22:40,2025-11-03 02:00:40
167,086165ca6f3d576d7c846061b2918438a88b5debc0164c9a006a56cc9f24c550,vq9x3gCK2QXVng9LLw1PZ7AN1rSrpFAZ8fgXpEKPgWRIZxG5,36579517369437,B6690-U66,PU-198306-000167-687,Doxycycline 100mg Capsules,,13,21,delivered,43.18,medium,0,,2025-05-15 06:03:40
168,39b659be77a4687a3a73e439f45046e8b955e510551f4eb5eaf8b29037da44bf,XT0pYv8pBcC9qXmVHtyvY01uMTZoZgSNtElxqRvX,87931597575361,B2483-W86,SRL-200712-000168-514,Cetirizine 10mg Tablets,2026-03-20,18,12,in_transit,92.13,high,57,2026-03-30 08:41:40,2025-07-16 14:54:40
169,55623b9e0f0dda54b5e1c8129ff21b228d39eef919789fd0baa5951241a6c88c,9bnRn2BYjs71DBI9llGyJ3yqXwXAw5oHeQtZRXJf49RHgZov,79822844509046,B6695-P28,SN-198202-000169-798,ORS Rehydration Sachet,2026-04-22,19,9,sold,72.78,high,29,2026-05-23 18:41:40,2026-04-05 22:25:40
170,ce516e10d4a3fa0be8f93296a500f02189518a561d64960661b8050115d069e7,oXFzV8K18dUKWedzjm8V9Zb5TufzRQXxD0ltkApf,22360402805600,B9669-A10,PU-197707-000170-493,Amlodipine 5mg Tablets,,19,19,in_transit,6.94,low,5,2026-03-19 12:14:40,2025-09-27 11:31:40
171,18563fede445929fd998f667e433e1d58ab494439186d27b448aada84a95115c,3R2ljYbcH76YtsvlG3EL9565HyBhIuwo,81439989780563,B9639-S83,SRL-202301-000171-644,Doxycycline 100mg Capsules,2028-04-22,21,7,in_transit,13.55,low,3,2026-03-02 13:38:40,2026-08-30 01:03:40
172,42110d1df60836ef85e128f59bf32ec3bf31b6dad02630b974bc5f24d9339198,Ls9VVRGc6tK3HNTHcsl7dZ2TGlwR4g63SemmNa5m,69028899838012,B5230-N97,SRL-200205-000172-827,Insulin Regular Vial,2028-08-10,24,9,in_transit,1.02,low,10,2026-01-05 07:31:40,2026-09-05 19:25:40
173,28d81a084d27ad714e940f7985eb7c2ab1156716b9275a8348aec64bdde4f18c,VhQehjXeHkT7SRrr1qVy2mf0mGcDgcyfReBwTBVPF8VScaj1,21490395263704,B5026-T77,PU-199610-000173-670,Azithromycin 250mg Tablets,2026-04-01,2,4,delivered,40.99,medium,17,2026-03-31 05:07:40,2026-06-30 12:26:40
174,6afb25607abe5f77b762bf9d726383dfa1299bd723027c86589f7dd2f0fa2dcf,adyJ1VcHbZDJxQx4oEp8ND3C2nrT7ypjTAscz209,16248449436152,B4128-S34,SRL-201406-000174-775,N95 Respirator Mask Box,2028-01-28,18,25,delivered,37.48,medium,0,,2025-10-13 01:50:40
175,f50e9695bb4a29ecad5ae0e13c07136c77e8f332bd0999547069dbeaa7bcfabb,zmu3O6A6bmJk8QVNJXjtpTVELVGMcgeb51uf5wU7teMt4Buk,38181194566282,B2857-V28,PU-201510-000175-199,Diclofenac Gel 30g,,13,16,in_transit,,,3,2026-06-10 01:12:40,2026-09-01 00:27:40
176,51d0bc32b7d0ebb0aeae83eed72db04ae9517b2872d872be39a1b2450171049f,92eisyj9XP7tS6fLXa3zk0lrG4E4dotBAcUVCeIi,96703930663887,B7671-W53,SN-198010-000176-454,Levothyroxine 50mcg Tablets,2027-04-26,16,10,in_transit,91.34,high,18,2026-07-15 15:18:40,2026-07-08 12:54:40
177,17d1dd917adc734af72bc3f969a0204efc9f3f08192edf2ead80273ff0b07b4b,eJofeSTv4eK78NuPLdi45lSfAQnSxMlYRERDTK1B,50928511718723,B5861-T62,SRL-197507-000177-755,Amlodipine 5mg Tablets,2027-06-24,12,24,in_transit,0.7,low,0,,2026-08-10 00:47:40
178,7e460ff3387a958f92521d0db95dd8536910da49f98d376883f7a58b32ddf8cd,MYeVSaUfK4wQQeq0BUDEVt9lKcvCC508,48417401396307,B3830-E85,SN-199406-000178-322,Atorvastatin 20mg Tablets,,16,5,in_transit,19.78,low,2,2026-06-06 00:31:40,2025-09-06 00:42:40
179,b286b03079df39170d14b0425654d4f8df7da0057fb00bf19fc49c19b8bd70cc,EPvg7RLiGEnE7NutMLLGvxQhJDbwp6Q4,96942376997597,B4883-H72,SRL-199401-000179-581,Amoxicillin 500mg Capsules,2027-01-16,13,25,created,32.17,medium,0,,2026-02-24 09:19:40
180,c4835c5dd6d01b6a39dfd45ae3bba4a29ee7c03491a037526f436bd8f050742b,i0dpNuZDjqt9LHZO7LhTTmXrXAYaqibOVeC4jMIKVgqrRCkh,91853375663380,B5635-K82,SRL-199606-000180-140,Doxycycline 100mg Capsules,2026-07-05,16,3,sold,13.99,low,0,,2026-03-11 04:48:40
181,75b2d01679c47f99101c61879cba6b629f37c830ff68e3500f0a3c0086a29d24,UEHGNyjZYBh4qoNId0ncnoj1FuUPbVEPRIcKmKaR,53812597255126,B6480-G51,PU-201105-000181-502,Atorvastatin 20mg Tablets,2028-01-16,1,15,delivered,65.14,medium,0,,2026-02-25 12:22:40
182,23a5840a5ef1d7bbcb7cea3c94660bd23267ab691064df19346b789ff792375b,mJUZP2YwdMJ2pFtnluESSCyU5DKXP6eg,00002047903697,B7108-C45,PU-200803-000182-769,Amoxicillin 500mg Capsules,2026-11-15,4,10,created,45.69,medium,7,2026-01-11 11:09:40,2026-07-16 13:23:40
183,13ca6a932dd38afc0418c8628481da6b7c6400943321ad42beea566c8d8d83db,RqbIdQnyxcACka3O72SSmqP7lQY9cI1IRXSUrfwYHx3THtNz,53971686490219,B8644-O79,SRL-202510-000183-268,Paracetamol 650mg Tablets,2028-07-12,5,20,in_transit,63.27,medium,8,2026-02-21 13:17:40,2026-02-09 12:37:40
184,8c9a1a9cf76cedd2ed27ac6b8e84becfee6078aa61a5442c5a6dd242cfb6550f,ga5PkoSuhTXIyOyJUQ9oNjRUS38XE4RtUsmN6lbsmZQeCh6P,05333696569432,B8759-Z59,SRL-197508-000184-888,Atorvastatin 20mg Tablets,2028-06-03,20,12,sold,68.48,medium,6,2026-07-29 00:53:40,2025-12-07 14:04:40
185,6919091318e1f2fb818f65af6db871b18eb37930e7ed13417a84f85798933796,NfxuLDuIRBMfQKPbFelrJXHSphGkC0cLAQ8eDpyUOkxsn1KE,78911196047478,B7034-U79,SN-199210-000185-528,Ranitidine 150mg Tablets,,14,18,delivered,6.69,low,3,2026-05-10 12:02:40,2026-08-30 11:04:40
186,8901d3e701ba27dab9c40f0912340242e036f6a28b2766357dbd0c2989da3668,mOHID8OKhcmsUyxFaGqGsYtpDnPDnkIM1eP1jVD9ekMzM6Zz,70331734829495,B7660-U91,SN-198903-000186-347,N95 Respirator Mask Box,2028-03-03,25,3,in_transit,,,17,2026-08-22 04:52:40,2026-02-22 07:40:40
187,0a474d05135cc8e160643c992bd5aacb0de57cf5b2c3fc10fe8b2cc29f012bc9,sHut6Fx2QR5LOJDfEvGNpqqrFt44JvsZGzqAOV3i,72635375178627,B6527-F92,PU-201811-000187-483,Ibuprofen 400mg Tablets,2028-10-14,9,19,in_transit,34.14,medium,28,2025-12-04 04:09:40,2026-08-08 09:18:40
188,f42afc66d7bdb4a6bb1354490dbd85b604d6380b006128cce6b997931766ae74,C9KrJmdA8KDxhlwXd0rIqW5Qm3JauMrAoMJqI0jI,32882690792408,B4620-H68,SRL-198402-000188-269,Azithromycin 250mg Tablets,2027-07-24,4,1,in_transit,30.85,medium,5,2026-05-16 12:15:40,2026-08-01 02:24:40
189,48189e3a98f1b91ee09d604bcbfd8d5db8877a54307989209ca1079ed5c945bd,TxMxHq2EWGtEMZLxRLRxWmtzpsoLDb5p,64833347902239,B8840-F31,SN-198010-000189-974,Hand Sanitizer 500ml,2028-06-15,17,7,sold,97.92,high,0,,2025-09-19 23:06:40
190,e3b27e8fdd4b74be933073d9a1939009ff561d340cd8aecf949abb88d308387c,5Cs1r4otGofdOW76kH63oYmSegYlhCVSj5pa1VFbFdicji1Z,52211267030476,B7471-R79,SRL-199506-000190-513,Doxycycline 100mg Capsules,2028-08-03,17,12,delivered,57.75,medium,4,2026-02-15 10:37:40,2025-06-29 01:01:40
191,7fe398f3785eda5cd9b2254cdb8b6a944f504adc9d3c0879d9169a13937ffca2,e90h4xsbEUnWUBKViXyi34pySxmi7pjN,13398802850980,B6430-G49,SRL-199312-000191-269,Amoxicillin 500mg Capsules,2027-03-09,24,23,delivered,5.99,low,5,2026-03-23 20:40:40,2026-03-17 20:49:40
192,e2ce8611dc788b329e0d51818a96884a77232d85056e39f7c436db821fe2a426,XK2VAFPHUF9jZuSTNiVmMrncaizmX2AJ,92910772916168,B6615-T57,PU-198510-000192-364,Hand Sanitizer 500ml,2029-01-21,24,11,delivered,32.65,medium,14,2025-08-09 08:55:40,2025-07-21 15:42:40
193,6f840c7062519868bee08028c063bc3aea615ed303e21961658d698c3bd3be07,6s89dKXpZI0n7CjgHwUzufkD5et3BYjDb6ho2E7K,48261133007054,B2512-Z99,SRL-198402-000193-255,Paracetamol 650mg Tablets,,6,2,created,98.37,high,0,,2026-06-19 06:48:40
194,76241775a32ed39c8636f47f7a6235c2721d56e1442d16d0f6719151ab84b0af,fca5W3ZEqsZeLiC0jWFEnryukDC7sOYz5X0PnCRcd2j9hSru,32449667378633,B6653-C16,SN-202205-000194-961,Cetirizine 10mg Tablets,2029-01-20,16,15,delivered,39.75,medium,13,2025-08-25 17:42:40,2025-10-09 05:11:40
195,f52c39e0d4b94701fbdffba24037d27f33f82a0801da156cbb3b60ca24fbe982,l1kpf2uciFErmlcawvMugV8mjQ1UqyGK5mVTc7Kr9CrbK7dZ,44859822888653,B1070-Q39,SN-199502-000195-327,Salbutamol Inhaler,2026-10-13,14,2,sold,80.24,high,5,2025-08-31 19:19:40,2026-04-07 20:27:40
196,e1d4860d4db4f9a027693c2a90eba031d0220f51d174de0ac7a73bf30d9362c7,nOrho9IuHmQeO6biUqOPz4mkg5tHIe820aoWX67hBhVWChPr,07331979697913,B9553-W78,SN-201811-000196-590,Diclofenac Gel 30g,2026-11-10,11,13,delivered,43.24,medium,0,,2025-10-20 00:20:40
197,e3f450ad4fb5ad0bf72e089bff3646ac9a6ccdfce45b9f4b996b7fe52672888a,e9oO4EVyNmcCaw95OzZ81f0KIhiE9TvMcZttYs1ds7iqxjvz,05032093789683,B2559-I52,PU-200103-000197-226,Azithromycin 250mg Tablets,2028-05-29,3,8,created,31.15,medium,20,2025-12-03 21:14:40,2025-09-22 22:50:40
198,0559c50eadc675b1d56cdc7f665943f71df3fd40ebad384395be7c0c63cca58f,s3Uc4AOqde6KgDDwHqKIXfkOJ1NbnRk71F9aGqXWlHdnPlGv,45922814649412,B3100-S33,SRL-197211-000198-694,Atorvastatin 20mg Tablets,2027-06-22,5,23,created,99.81,high,0,,2026-05-23 08:02:40
199,ac62df74bded0d048056e9bcecf17fe6abb4f779dbeb77841d4ea0bc5589736e,ngRzvBjOhw8xGrP1jylP6pEqdaCd3dCrz2irAaWGKvNBQrDy,12902429591756,B5453-V76,PU-202608-000199-864,Ciprofloxacin 500mg Tablets,,19,4,in_transit,28.28,low,5,2025-12-14 10:29:40,2025-12-31 00:09:40
200,bd9df70f11ee656517443c885b74a8e827194a81e740fe7b1630adcb9323342b,uQIJalgsVpXKMP7JwxM3u1wVHEAIQg3o,82490694172029,B7703-D45,SRL-201705-000200-702,Salbutamol Inhaler,2027-01-14,11,8,delivered,9.35,low,0,,2025-09-24 07:35:40
201,0556e94008fd3f1473419e0185b9bc3e6ca471bbdbe7faaf4400a5897fcad52e,T5E9X3gFoJaR5UIkT8JPlYoclZmsdBMbSSwUVZAQZjxkck0A,01044617785959,B6407-O30,SRL-202412-000201-645,Clopidogrel 75mg Tablets,2028-01-13,14,6,delivered,79.47,high,34,2025-08-12 15:57:40,2026-02-16 06:45:40
202,7e3ae3935e02da13a931a3ff341189cc5ab5acc7cf4ab9b51ef6ef591dc18ff8,52hR3oR6hD4KTiGHoh4FL2oIvHquilA0mXnNGMeS,57312807776870,B3702-Y91,SRL-202207-000202-183,Insulin Glargine Pen,2028-02-15,4,15,delivered,53.9,medium,30,2026-04-04 03:26:40,2026-07-14 23:28:40
203,4ceb8e3a51b1a5d6395ffa00a98cfa8b8d2abea415257ddf66c9e5a14e524830,qfYLJDE4ekVFWtDFCcdP2xNfSrjxhzXF9wdtkJTI,04426643977985,B3060-C17,PU-201802-000203-921,Paracetamol 650mg Tablets,2027-11-16,9,17,created,55.58,medium,37,2025-10-17 10:34:40,2025-05-14 00:38:40
204,7b906359bb031db734806aa9adbb1814d8de33c2f226bea224064c52a42c0017,FxVGdqjeRMskJPTzjpASwSGntWf2Ys8y,37780426362990,B2386-P58,PU-197906-000204-521,Cetirizine 10mg Tablets,2028-03-19,19,17,delivered,91.81,high,1,2025-12-28 23:58:40,2025-07-13 07:48:40
205,b3cc11a7b53a3f1e7fe316ff79deb4cab54b9d50bfbe97dcda12956b642ccb4b,CZdQcQd0o4mVwZptRynigfLGSWHLmKNm,24328879965733,B8564-Q62,SRL-199707-000205-837,Doxycycline 100mg Capsules,2026-10-21,6,7,sold,,,0,,2026-07-07 20:36:40
206,679814e13b197b21e54d5a74875b69e411c24223c7348fcffe0df74d1b141bd0,QuNETZK7442QyLv2eLY1NJgsoGvbi9mY,12612230207715,B1702-L90,SN-198202-000206-896,Vitamin D3 60000 IU Sachet,2027-11-19,14,14,sold,74.38,high,1,2026-09-02 14:57:40,2025-06-21 14:36:40
207,3e82da8f4523a3b7e455f24b946de0fc59b0b3dd440038f1c690ff34ee51a826,y2f2bjCtUgkn3wYFlJE0AI3M9Zs7hsIX9Wvo14TG,42661136085950,B5740-J83,SN-199209-000207-116,Pantoprazole 40mg Tablets,2027-06-29,19,6,in_transit,59.79,medium,4,2026-03-02 18:51:40,2025-07-12 22:28:40
208,1075985c9e592edfbf24ab43a3f7303e5ad675dba8417cf82a16394a28f20efe,UPV0fGjWJNJjJsV3JX173g0YnWWAI7dMbIjNCz3NknI9oLuP,96856508203469,B8113-K13,SRL-197304-000208-923,Metformin 500mg Tablets,2028-11-30,12,18,delivered,43.41,medium,5,2026-02-14 20:05:40,2025-05-27 10:09:40
209,6c6d16f17c56abf7b8f8b5fef267568510b30c9ab11a2f0006e01a4a0c1eac8c,gZ2VYtu5h0WyjKV0q30ZkUaPFL4y9h8ymflLZZb6,30606070416154,B7736-U28,SN-199106-000209-847,ORS Rehydration Sachet,2027-07-24,9,1,sold,44.06,medium,8,2026-01-25 11:23:40,2026-02-17 02:27:40
210,9b06a310f7759619e557601571fac59db76f45ef8d72bcf388a2fe3daec44d66,vIf2SZ558J5eWb6Pq8mCfi5w5m4yC5Cm,99601324893459,B7160-D34,SN-202511-000210-558,Insulin Glargine Pen,2028-04-21,10,10,in_transit,4.92,low,0,,2026-02-21 06:37:40
211,6034f88e1c7beed7f48cbdc6f69c66a29b4f8275805c0ba29935e5e2eec78c0c,ArdCQZyH54TEF4eZN23KZglG8kHTETLo,48858816302790,B9922-X91,PU-198501-000211-512,Clopidogrel 75mg Tablets,2027-02-09,15,16,delivered,40.27,medium,2,2026-06-28 15:46:40,2025-08-16 15:45:40
212,bf8499c76b2f12404c5c189e7c81b6fcd160869572df156aac6b3d4b94998412,OknvPfy2wWHBgqJTGVk8iJ8U7IHQoMHW,89198796284772,B5781-U26,PU-201406-000212-720,Vitamin D3 60000 IU Sachet,2028-06-26,17,18,delivered,64.73,medium,4,2025-08-23 14:25:40,2025-10-11 02:04:40
213,7fb0c216d3be5b27b835707d13784f25853bd3a082b3356517273d7d08240b32,oHBDH8l5CxeMSPCLEH1JBE0ZiFm9cNtG,31620208393665,B1501-V25,SN-199510-000213-386,Multivitamin Syrup,2028-11-13,11,12,in_transit,18.26,low,0,,2026-03-14 20:51:40
214,c38c5b34db61151acad7bd43e9caf75e01825a3cd9c7261dcdef7cbf631990e6,NiHJqy11m755vkeQuHu9D4vkJzK1nGWw,29553394238367,B5707-I38,SN-199312-000214-298,Amlodipine 5mg Tablets,2027-02-10,22,17,sold,7.45,low,0,,2026-06-01 23:16:40
215,f4f8be371e4035806f70321dc558fb5dc41972ce655206268b975e97913b4770,oXfwyfsgZmnkMnAT6gXBtaM7j1XrVfWkxG9RGILZUawoFIVy,89597498547528,B3264-P53,SRL-202404-000215-445,Levothyroxine 50mcg Tablets,2027-07-24,18,21,in_transit,58.83,medium,3,2025-12-28 11:50:40,2025-05-08 20:11:40
216,eda873649b347328bf91e845a4fdcd42e6a3870c00557eaa7591bbad4375328e,YAui02cXxoOo7i22ZX1eavcmNIlgs0Gx,59448924649610,B7001-Q31,PU-202606-000216-394,Omeprazole 20mg Capsules,2026-12-21,17,7,sold,17.29,low,0,,2026-08-10 11:57:40
217,a1911310c85150634c382821af34dc36ab86f3b1736287016da337e15536054c,asfxafpqjSCbkDGfCW3DtUwMDx16uMFWPC3ITyIlBhDdQmWT,96999315567897,B6356-V84,SN-200107-000217-755,Amlodipine 5mg Tablets,2028-04-26,5,8,sold,32.51,medium,18,2025-12-09 09:49:40,2025-12-01 06:52:40
218,621413dbf7ae127abcb34f240b3eb19475564f92339eb63b2b78ad65060d0443,SCUEkypbu1J7ESh3L0KaJBkuPKV4SnRYi66GibP8,13770100748645,B8182-L97,SN-201009-000218-809,Levothyroxine 50mcg Tablets,2027-10-27,22,17,in_transit,23.68,low,0,,2026-04-22 06:54:40
219,6674a65b14df5cfdd3e602cf0dedaa5b8656324520e70c563f13c3217a028e34,fJXtCv272J5fWNk56UPfmr1FdZ4J9fQELhyNThj157zUihVP,13190601375429,B4507-B47,SRL-197810-000219-297,Losartan 50mg Tablets,2027-05-12,18,1,delivered,45.53,medium,0,,2025-08-16 06:58:40
220,08e6c3d969b8f3ff74e15e8a42e463b9e3aee16a684c294030b2f60d4a668114,bIyG51JuiKxbZm09vxXYTa5SJvWKZWoCil5IHyVi,82071140164521,B2007-O20,PU-198610-000220-536,Hand Sanitizer 500ml,,8,5,created,28.14,low,1,2026-06-21 18:29:40,2025-10-18 15:55:40
221,60c258f750e0a64001b14129670f5da76fe2646bd05c71906adb8e7a15d5a781,cdbw47IVBAWMwKWvr06p0iYCacdhWhmXTzoBr6EA,00073158130054,B2665-H16,PU-202412-000221-829,Ibuprofen 400mg Tablets,2026-11-28,10,12,sold,95.39,high,0,,2025-09-16 10:08:40
222,5d86012d6edd73e2582753ecb4bef8db0bbd4de04eaa61f44996d8c2fb364437,lGGwAApbhamP2myZ5BpByZeKGZRDb8yAtuKUXdKP,12065590778620,B5084-V18,PU-200211-000222-903,Azithromycin 250mg Tablets,,20,20,delivered,80.78,high,52,2026-02-20 20:36:40,2026-01-01 19:55:40
223,7cb7e3f82374b53a6a42cf0d4c2fa76023f0b25ab0aaf62552b5118097a8af9e,CBhzLUg47jE7EJpZVBnQFKrJhLYeYq20,91204981486666,B5251-D79,SN-200009-000223-340,ORS Rehydration Sachet,2028-11-17,20,19,delivered,50.45,medium,13,2026-07-31 02:08:40,2025-09-01 22:37:40
224,78de45b7211452cf23229ae817b135b5d03ccc80cc9301ab699d33b772888f3c,5FY0853siUB2wF5JBFBakYqcDDf00xfKfOfj3PKX,54917396860037,B5237-Z21,SRL-201205-000224-533,Atorvastatin 20mg Tablets,2026-11-25,16,18,delivered,17.7,low,5,2026-03-02 05:03:40,2025-08-09 01:32:40
225,2cf7fc0875f9fae70a0398ffcdbf947e7b4b15d939b579a61462053c453ed5ca,PyscLANZxHS6AqFjBjuxj5JpNrHa77WqyRocB9yj9GLebZfe,91892696182424,B7678-A53,SN-197303-000225-354,Paracetamol 650mg Tablets,2027-09-04,18,17,created,33.25,medium,1,2026-04-22 06:38:40,2026-06-29 08:02:40
226,b6f837b1543d434a6214c6106bacd75fb74b10972affcc8d458479526cecb2e0,tblrbJydUE4UVhqHUNH7T1CIgeqG9W0M4M6HMHXp,93649338032361,B3208-X86,SRL-200302-000226-284,Paracetamol 650mg Tablets,2028-12-18,16,12,in_transit,92.87,high,0,,2026-08-02 02:26:40
227,106f114837a50064328a73d7ec94672f05b69075eebf56f61eab05256c19c17d,ZHVYmtzRhFqxdEdKOsiGJlsxx1WTIAEd,72073437385733,B4616-G74,SRL-199807-000227-129,Losartan 50mg Tablets,2026-03-05,9,13,sold,78.33,high,2,2026-04-16 15:03:40,2026-02-19 19:48:40
228,52954fa9fd5a2fdfc4063c2279aeb32973c6e8d894fe6b6c363eeea02f9fe1aa,odRPjlks7XA2RDyVMygkRgx8F7HGydV8aDGyS9h2,15947084942180,B2817-F16,SN-201805-000228-641,Cetirizine 10mg Tablets,2028-11-26,16,11,in_transit,34.57,medium,0,,2025-12-02 04:17:40
229,6906265e720dd4d7581be0886d0e97430b65000576774575c8d0f7e7990627b6,86khPRoupX8qb6pOrCT10eim59rHVTE6T8B3ymPN,61118568830580,B7341-H15,PU-197812-000229-436,Pantoprazole 40mg Tablets,2026-11-13,13,20,sold,97.89,high,5,2026-05-17 05:15:40,2026-05-17 07:09:40
230,829046dea3719295ff15be6954b36ba80ae9e471812ac5a0dc15b6605115b2ad,WTFSyDr40vkp47qAZnHweLnRIaQUXPoKjCFO2TXJAKFj2Qd9,35142413007573,B5139-F44,SN-202406-000230-308,Multivitamin Syrup,2028-06-08,15,6,delivered,23.83,low,2,2026-02-23 10:13:40,2025-11-25 09:58:40
231,240cb26cbb4c2a57a8cc71fd7684123fb4503b1eeae0e7c0ba82c093ca168a74,5SInjchlkadGCxcb0L15PShHYlxfdS3rtp6KUWrWVIitz8tP,00794790823738,B6429-A98,SN-197407-000231-546,Losartan 50mg Tablets,2028-08-25,13,14,in_transit,7.38,low,4,2026-07-28 18:04:40,2025-09-16 08:51:40
232,56335275a435e8e5e7311ddd4326a33e96a0a714fdec9901cfbaf3cb1e3e0bcd,HgM5KVDGaVVAHsiHJMjLWGHIGNhGQNWebXAw0J3b,51918738658109,B1095-Y83,PU-198007-000232-242,Insulin Glargine Pen,2027-10-15,11,17,in_transit,95.73,high,4,2026-07-03 00:51:40,2026-02-25 20:58:40
233,26b42d0fd133de63ef12d2be0bf3e534e139a55c67d38597c3378761d989669a,HXNifSyiqkLDFedR92Sw4gIQxZcAFaJh,84059062732018,B5562-P32,SRL-200309-000233-266,Multivitamin Syrup,2028-10-18,9,1,created,48.55,medium,5,2025-09-09 01:54:40,2026-07-27 11:43:40
234,794d6a33a5209f26c69e86e0007a1a620391536902bbea69af0f682adcaa6b9e,5XxDdvIR6fJ8L02gYflf2UoYXdJmceAta7pR9fFWIusYiJDK,58412974797514,B6093-Z78,SN-200804-000234-318,Diclofenac Gel 30g,2026-12-22,2,9,in_transit,15.37,low,5,2026-08-07 01:12:40,2026-04-13 09:13:40
235,5984cd7da9636807f9e40198e01aa45236fac4c652a486e8284a18b6459363f0,wpVZu4Ad18AUBKnSpsHmskXx848s4HudY5RyBue7jJTac63u,06309129945366,B3331-K47,SRL-198305-000235-555,Clopidogrel 75mg Tablets,2028-09-13,23,6,created,2.38,low,3,2026-04-26 18:04:40,2025-09-27 11:09:40
236,51537adcdfd86e00ad0a493e0f1a8d5c295698670459483ffc542ef95894db9f,iBtXJ2djzY4egnSl27OQqNMbr7EVR0CI5RKwboUeay7M8VaQ,50398456705699,B6518-T88,SN-197610-000236-658,ORS Rehydration Sachet,2028-11-17,8,12,delivered,,,0,,2025-05-06 00:33:40
237,9478a632b823a8d3981e7f01f146801bf23449333a091cc67bc9370bb36dbc35,NyA4ZdHSDcRoDqQS7PJrK7xnaEx0junN,80232811510197,B3448-H38,PU-202006-000237-438,Atorvastatin 20mg Tablets,2026-08-25,19,2,delivered,89.23,high,0,,2025-08-15 22:34:40
238,53b549af952702917582e1b2c1557656abb95ecb0c83b57a05113ae985d227e2,pa2hxBXMa3u84u2IWHuJlkTVtyo0zXlaRCvlp83Rh4hX0nUa,17166609515403,B2547-N23,SN-198312-000238-615,Losartan 50mg Tablets,2027-10-26,11,18,delivered,73.03,high,5,2026-01-14 10:24:40,2025-09-23 12:45:40
239,6e9fc36dff03d0940cc49249e826ed9d5304696da7c26cc267341a95d29c163a,RUV4DVR1e8Lj4DkFu21O9iSDalnsh58i,90029679870995,B4215-W11,SRL-200309-000239-229,Levothyroxine 50mcg Tablets,2026-10-24,5,2,delivered,97.87,high,0,,2026-01-30 00:47:40
240,0d17774a24e0db7c950cd4a2acb69bfc60216e9dc3b55ee4ec46ddde03e96fe6,Rgxm3VFz2zya9dSK5BCyKLnVQO9fQY8e,28095929029526,B7420-F29,SRL-200502-000240-183,Omeprazole 20mg Capsules,2027-12-14,16,1,delivered,36.69,medium,19,2026-02-22 01:21:40,2025-06-19 14:45:40
241,00b942bca87d0db2a141a23c10c08df1e2f38b178e57da4cb9fd2f0a68f0ed81,5fFywsrVpOBA8QLlnzaOxCiki2hsjnziZvORqjQ0,69549967912380,B7230-I38,SN-199310-000241-673,Vitamin D3 60000 IU Sachet,2027-02-25,24,10,sold,97.41,high,3,2026-05-14 08:54:40,2026-05-01 09:17:40
242,2c47d013a3757d952e098629a4d0ee41b325196f18b8d4ce1655d4e9e1642e2e,oeZ0GzxSwCT4IquCK3XqV3N6wowD1y5KF7dmrevwH4J564sf,37539538182491,B7028-Y85,SN-200302-000242-372,Azithromycin 250mg Tablets,2029-01-21,10,2,sold,95.37,high,9,2026-06-23 02:17:40,2026-07-14 06:20:40
243,437b9ceaaf7146987e8176f6f70d4252c9b44a0006adb0444c989ddab564cc12,nYCzOCg44bOTEGwk5eTB4ItmYOTk3FCqQ3Egm715,66437194146410,B5565-B92,SN-199908-000243-881,Insulin Regular Vial,2029-01-22,5,15,sold,6.29,low,3,2026-08-19 15:08:40,2025-05-28 11:39:40
244,5a0aedd1a02bf6fad0bbec515115d253d56c9ca0a284d66ac8d5c1ba9819d040,TelC0mALoJXVnyXREkchxvRGy4bNJNEp,13688691168268,B3855-A46,PU-202212-000244-973,Ranitidine 150mg Tablets,2029-02-05,8,12,in_transit,22.66,low,5,2026-07-27 14:34:40,2025-04-30 02:07:40
245,509d50fd843a7ec02eacee2948720c35fd9a45e51c67fa32cc8dd4968fe7668c,LWhFj0xgEjgN78n7QNlf1P0ARq1WDuUin8nQj75F,67293985766819,B7635-B58,SN-198107-000245-940,N95 Respirator Mask Box,2027-09-21,7,12,delivered,90.02,high,0,,2025-10-15 12:35:40
246,629680274ca690a8ddb2f7753c8949616acc2cd05ab6cc991dbc1db953920d38,QEgoEt16VOuaOnxydWPoZDwdTXctJX6OwASeJ4vA,09075235314012,B8120-F95,SN-201008-000246-172,N95 Respirator Mask Box,2028-03-02,4,5,delivered,8.98,low,15,2026-02-02 20:44:40,2026-01-17 22:33:40
247,3904e303659f18796905c2f7c633edafc9065c61ec08389e9fbf21aba366691d,c7DeA3oX9lByVCvJGMOAoNmNJ4QmLNxtbFSJuoij,53038226720019,B8606-M49,PU-198307-000247-657,Clopidogrel 75mg Tablets,2028-03-02,13,10,delivered,59.31,medium,1,2026-03-18 02:25:40,2026-08-25 07:15:40
248,cb8dcfdc2b0975e9d401b1b5c369099a6cada10949bd86cbd9c56de49f577387,zvRDcT8JM7BgNOiRnmRKSlvkjzms90M4,65533944232997,B6036-W42,SN-199206-000248-910,Amlodipine 5mg Tablets,2027-11-20,19,20,delivered,75.3,high,3,2026-05-18 21:13:40,2026-04-26 02:53:40
249,54b69d27f89c47794f72055d57c5c717838d7b9cc3d565669446d92b16f2a16b,ZRknKFhSSnJYN2K5gj79VBdk1VDs0vrSzuXiWcasJ0xdSndb,88172833373336,B8722-A81,PU-200801-000249-925,Insulin Glargine Pen,2028-06-26,7,3,in_transit,36.05,medium,3,2026-05-21 14:05:40,2026-05-19 22:34:40
250,ea81d930e54f79baf8e2e2f38d4ea0e12183b42e5d1866cdc4f1c639eca4acb0,slZjPi1mClzOboBJFQXyYZcX9OS3JrU7,18064802938027,B7006-B30,SN-198701-000250-934,Multivitamin Syrup,2027-07-25,14,13,in_transit,44.85,medium,0,,2026-06-24 20:19:40
251,185f5e98d1320dc9f6be04344cadcd5e4d2a7189d4b40581d51c69b2eb2c35fc,buJgmabmzBTh3WwYBAWLvYpUkNne44TI,24227911209579,B1268-C68,SRL-198712-000251-266,Azithromycin 250mg Tablets,2027-02-23,10,2,sold,5.85,low,4,2025-12-06 01:23:40,2025-08-10 12:16:40
252,63a217f0136bb36a8f167cef1a1bb7ec446d5950d4fdcba3a1f4cecf41b6e33b,NEZzMZ6lqxNo2BWDjF5ltc7WvyHS4SjpplJ6Xgf8hCFovQz4,66884082062119,B5125-W55,SN-201208-000252-712,Vitamin D3 60000 IU Sachet,2028-12-01,4,16,created,17.55,low,0,,2025-11-30 01:58:40
253,419219c9cc8ad46c62b0a6a43a6b4b5b67ce880d6fadbddd4b815687079d001b,1jhkQQq2x74TaHm8sB4bFGFJuqbk1MxFvL2lQEM4,36295321947131,B7854-C61,PU-197402-000253-655,Insulin Glargine Pen,2026-07-04,1,21,in_transit,72.51,high,0,,2025-05-26 02:56:40
254,0c9c283a90e29ffa624888a140d68e9a06d1104c7210df448b9090b493651343,tURyBCSjzZSP7cxuqFOIgmgOVcqH0RjYf0fZWxsP2SH1HH9s,07135033180719,B9156-O91,SRL-199512-000254-591,Ibuprofen 400mg Tablets,2028-03-27,11,25,delivered,38.77,medium,17,2026-07-12 20:42:40,2025-09-06 11:56:40
255,8d3959a9af2bf464d9a1b3d47470230e2fe0aaafbaff414c5e2a09826ed0af27,gi5YllbQckpn8rEF2VRgDMjVKKMJGOFm,70244777031135,B4089-D10,PU-202608-000255-746,Paracetamol 650mg Tablets,2027-04-12,9,8,sold,89.91,high,1,2026-06-21 02:16:40,2025-07-23 20:59:40
256,75e5cc906ade795124c493c051862bc1195038a52e3aa74fb032fd3012a85724,VdBHAZU51kI32F3P2mYzUFN274UVkCpI7g8lPXmnLgHF8vlT,70477909436463,B3736-A91,SRL-202606-000256-635,Atorvastatin 20mg Tablets,2029-01-20,9,8,delivered,62.12,medium,4,2025-12-27 18:02:40,2026-03-14 21:43:40
257,3acdbcebf89f8fc915da4cf9412301d9e433103effc1664a0235764f15134544,NHsOlP9Yjyw7yxk1JfumMK3kuLPMaBsi1bqDVzK9dBMEIIKt,62365405888142,B8509-Q90,PU-197402-000257-311,Ciprofloxacin 500mg Tablets,2028-04-12,18,4,sold,29.3,low,1,2025-11-06 10:27:40,2025-10-18 23:18:40
258,b5920745a2fbdc164f9227770909a0792dad214b7655afc73f4cbcee1811fbbd,ukZ9kiCyrLd0lHpGVa2JlPcDPHoKDZUg,39219790267745,B6830-U36,SN-198201-000258-466,Ciprofloxacin 500mg Tablets,2028-05-04,9,25,delivered,82.55,high,3,2025-12-28 00:11:40,2025-09-07 15:28:40
259,d3e2aa616f66cdcc4a4769eba3a02ef94998825b77bf2da8be4caa729a6d6f55,k2XbNmxQcqs6pL6yrvA3y4k6xWhuvL2i5Vl1hao5,62723932732418,B4797-R38,PU-198501-000259-106,Ranitidine 150mg Tablets,2027-02-28,10,11,delivered,21.82,low,6,2026-02-22 11:27:40,2026-06-09 13:10:40
260,fed6fb5c92fc19803173ff1b5a927f12d5adac2034ed1b5e7eb1dd584a9b23c2,WoWi8EAqNTMIStulPk0i1ghFEMBd4GNwLqCqownVs2T0sZ0h,57942860250154,B2124-W35,SN-202211-000260-945,Insulin Regular Vial,2028-06-17,6,14,sold,51.3,medium,0,,2025-08-01 10:39:40
261,b18f83e673b965b29b12a0c58df0013513321f1a252dafdcc4bbe048eea026ef,aZAtdlBsuO5TDXFgJgADs1ETBxkYKetn,35586493657615,B6575-P39,SRL-201912-000261-117,Multivitamin Syrup,2029-02-09,22,23,in_transit,9.52,low,5,2026-04-17 10:28:40,2026-04-14 03:52:40
262,251c075f7f2e50e4ecf0c1b539a96462a0e3e3f3c3afd88d5f7c0bdcf3029638,WsU3PSKBI2Z3uSvG6T0diBKTL30ZYsHN4CfauJs75YWXmE2G,35076257810294,B9827-C45,PU-201911-000262-690,Amoxicillin 500mg Capsules,2026-11-03,24,20,delivered,86.65,high,16,2026-01-27 01:33:40,2026-08-18 04:49:40
263,e184a874148902e4716a28efe4784e959d99eeef0598ab7e638e46f51930657d,5KnWfZtFUUCUVPmPbUhoKa7H09tOthScdGZX1Scu,82720367434906,B9350-X86,PU-199012-000263-681,Ibuprofen 400mg Tablets,2027-06-15,20,2,delivered,62.66,medium,4,2026-04-15 01:27:40,2026-05-08 13:28:40
264,daca6d2c8dc17f48a673ea7a5521bcce7912881f174c80a0d76b62f7736873ea,YoElv2gryQciFoEC1HAVxa4sGxpeRzcg9C6NmHY4,42990651901449,B9341-D43,SRL-197812-000264-365,Clopidogrel 75mg Tablets,2027-02-06,17,25,delivered,59.2,medium,1,2026-08-20 02:38:40,2026-02-18 07:25:40
265,9c6323f650ebeb2834c73ee64da0f75d29155bcee6bb2aa735bbec1400761542,1MQakFVrMCqt7gRZVH3iEC3b8X79WU0YWVcsmFGeEHBU7noz,74807661918891,B3092-M27,PU-201704-000265-370,Azithromycin 250mg Tablets,2027-07-06,3,21,sold,86.24,high,15,2026-03-13 01:40:40,2026-07-05 15:52:40
266,6e32333233ac4782e36718adf74541721d48555141179c25b454b3993c87ade5,bREKRgnq9oIeMSt75ir7bTIjyp5zlx90,71086610560350,B7250-G16,PU-200911-000266-112,Metformin 500mg Tablets,2028-01-13,23,21,created,93.43,high,1,2026-05-13 03:12:40,2025-07-28 02:23:40
267,b4a74ab20a97bb23dcec4357f11ec3d5864a6808ef0358575e838e6144b76ff5,wzHbvDtdEi7IaXnClWOkfmYJUDeyihXp1SrzgEJH9eZCsz8i,23891303119209,B1278-S44,PU-200409-000267-859,Salbutamol Inhaler,2028-02-08,6,13,delivered,20.82,low,0,,2026-07-07 00:43:40
268,181c8e3ca10e71488bf78903b7e3d0bd6e7ac077b220d9de75d2318c2a942c4f,LsI8PqvQKvxigPt5K0kA29RTX2pIX4FAnxdaGtqF,28505546503057,B9668-Y35,PU-202512-000268-722,Levothyroxine 50mcg Tablets,2029-02-10,7,11,sold,27.86,low,49,2026-08-21 23:59:40,2026-07-13 08:33:40
269,cfe5aa8ac7285a78c14923bef5fde175fde13575dbb0cacf8b09c1136497d242,tAj1k9mTQU1wu2VabIxXU9CKLaGVJfpzaJ1fJTjo,62486954700735,B2346-R64,PU-200701-000269-364,Ciprofloxacin 500mg Tablets,2026-12-01,1,20,sold,97.24,high,0,,2026-07-23 16:16:40
270,bb2fd538a8d9b297e8f6e02c391d51a19110a9c74c375d82fc8f118ec97867d8,ff2tPIwqFV7t8lq0awuozbt6LpKR1Ajddi2SYRHf,59655791815502,B6320-E69,SN-197006-000270-908,ORS Rehydration Sachet,2027-04-26,14,10,created,93.06,high,4,2026-06-21 21:03:40,2025-08-11 23:01:40
271,4e60d4f54a979225c8093d8f4d007e5149f2e19f1bb11da46f607f2a958c691d,ghzekNuIr1y2dLnqzdhpiff24m4J9Mefb46SaTAu,97792308689426,B7272-A23,SRL-201604-000271-190,Vitamin D3 60000 IU Sachet,2027-10-20,16,24,delivered,62.59,medium,3,2026-03-15 22:43:40,2026-07-31 00:43:40
272,3e21fb09b64746628dc928132f35fd2afe19478a0a46c04f2844ffc913851445,6UUhC7y9F0RyvRyji87MB90B1qMDZPJN,30915543128833,B7869-X58,SRL-198612-000272-256,Atorvastatin 20mg Tablets,2027-09-20,21,14,sold,60.46,medium,2,2026-06-15 15:44:40,2025-10-08 17:52:40
273,6e8edd85d0773593122c222a87b8c2fb007c9a633e62fc92b62eb0a600a248f6,YVgSEmIGCaPonPWF1XSGrXH9z1b0Y9lj2tOrXl1hytUGa6Eg,78392061486900,B5522-B11,SN-200708-000273-404,Ranitidine 150mg Tablets,2027-06-14,4,25,delivered,74.75,high,4,2025-08-07 17:03:40,2025-06-15 19:21:40
274,e2e6a1b0aeb51e6f36f829a4713ad1c7b31789e3c118dbc97af717cedbc03312,V6QMUdFgO0NYuwahmBnGRb5IPZGaiDVS,49106169186859,B5117-P72,SN-202303-000274-648,Omeprazole 20mg Capsules,2029-02-14,8,2,in_transit,41.92,medium,1,2025-10-01 16:24:40,2025-12-04 04:19:40
275,507fa121bd7ea8d956f09e4932e06cb8e8293e6833fdfbb4bb7066121d94c05e,bkp1mVnyl8hKWxPxvCyDyBQeMhJ85R66fdhzsjeDamc6YGpW,22715215200314,B2222-A50,SN-197708-000275-147,Metformin 500mg Tablets,2026-08-05,13,16,delivered,76.37,high,4,2026-05-09 08:27:40,2025-06-23 20:14:40
276,8f46f4d361ad9a4dd73c5a758dc87cd6715d4ab340c83a98e73d832754f546dd,IfuY2rEq9EYKA7tpuU4gHeBEYiKVEgwj0NVYCoxj,74797441340284,B6925-M43,SRL-197607-000276-592,Multivitamin Syrup,2028-11-19,8,16,delivered,6.12,low,3,2025-08-10 10:13:40,2026-01-28 06:17:40
277,6b90f95d240a5d65ca81bf364367fc17aa8f75dbf36a164ca01ceec33d451860,FuCldIuVyG83lGsczpaOxmDeZmuT7yziLnGSZLzP,02953616772305,B3372-P35,SRL-197601-000277-528,Levothyroxine 50mcg Tablets,2026-03-27,20,15,in_transit,,,2,2026-08-12 16:39:40,2025-12-28 20:13:40
278,d00c0b9f28fc74018aa6fa98196f343e4981223b16536c8fc3c083f63f7afd3f,vpBeRbZGjlnyZCmdk6jgVZZOEL8gkWj2xrZzIckgAJm1lblz,95509262805848,B1316-G20,PU-200105-000278-298,Salbutamol Inhaler,2026-11-20,11,22,created,3.29,low,8,2026-06-10 07:11:40,2026-04-21 03:33:40
279,02a69cf06880282a505fc5463f26bb6e62a39903977e5ed9c8abf6451ca86de3,1BIWAoIH7cy5qjvTYIgLTnCjVl1jJYnO,27808746841632,B9015-I89,SRL-198506-000279-741,Hand Sanitizer 500ml,2028-01-17,24,1,delivered,54.61,medium,52,2025-08-22 02:15:40,2025-06-23 15:59:40
280,7d6162e445fbfebbb27325e3fc1d8b1f25e3f1e9de271dc6d101930dd841e26b,P5J0kclexZsYMrH4Kkj7pk7pejxOu0dM,79276085882767,B5023-G30,PU-200404-000280-970,Ibuprofen 400mg Tablets,2027-03-27,19,14,created,,,55,2026-05-16 13:01:40,2025-07-13 07:21:40
281,e4b1451bc31a41e2959553e982b5b6645275e015ae8a45af3546ad632ced1813,2dWUy4LM6hpEmDtxj4xK1NJ3v9giyeoD,24982365921978,B7975-D67,SN-201009-000281-127,Amoxicillin 500mg Capsules,2027-03-22,22,24,sold,90.24,high,0,,2025-09-15 13:05:40
282,e293e1af6d440d0b7bbea37b40492006ea41b76f3bb18044f6d922b63296ec95,1vtqSiKgo0GB4CiC8xT1jfHRpXt5XKT8,35446812215533,B1936-F53,PU-198107-000282-833,Multivitamin Syrup,2027-12-28,9,2,sold,33.35,medium,3,2025-08-28 22:59:40,2025-05-01 05:25:40
283,566ed28822b2ad71d2c420e9594a8264336aa580d7b8e47c6b98d326825f0607,iWbFyhKksnW2TeKkjlvUHvX5zU9BIlV2Of6XpqrJ,57663841328389,B6919-N34,SN-200512-000283-168,Ranitidine 150mg Tablets,2028-08-03,2,1,delivered,,,0,,2025-08-17 09:35:40
284,8cab8689788df8f489b6d5d00305174bd52e994cf00078a197240ee950c9e6b2,jZf6n0RAbGCOtrgQz0DBirRSvauCmABA,12198716727929,B2624-M54,PU-198412-000284-936,Amlodipine 5mg Tablets,2026-06-02,15,6,in_transit,65.85,medium,13,2025-08-22 14:42:40,2025-06-28 17:56:40
285,ee3fdcec6583a34338a60c3ad860494884dfaac86bcb256bd89e0cd42c1d71ce,sMcrAeuvFB9ZEMlsl2rntVeEnvWXFypJ9k2Vwn0iIcQkFTqO,90353849132350,B1532-S38,PU-199709-000285-646,Insulin Glargine Pen,2027-12-22,2,10,in_transit,64.75,medium,1,2025-12-18 07:52:40,2026-05-26 02:06:40
286,447adfa05b5361b144192591bff401551b1bc004ee9d6fac28730b22f14815ae,fU07vz30i2Uz53WwsRGYUJ6jDRJgWtcC0Ib8wUAu,07495204428479,B9978-E33,SRL-202104-000286-287,Losartan 50mg Tablets,2028-02-09,19,21,in_transit,,,5,2026-02-03 05:56:40,2025-12-28 05:26:40
287,5c715eb68b5600089c52ccf1cce5a4c1e841ce5390c5d63dcd21c86b01adfb51,yUJmQkFM0U9b0XN00NJihCq1ARe1QBzm,87419684951880,B9790-F72,SN-201712-000287-675,Metformin 500mg Tablets,2027-09-06,25,7,delivered,23.34,low,14,2026-04-06 20:53:40,2026-06-16 03:32:40
288,35760af8780dd61d9af0e5f6dc6210c46d299059fa853f7fff865b8ec459710d,mRH7o2PouQNQhwJ8B9LdvHlw9G7qIFWO,20186745459336,B4633-V24,PU-197503-000288-760,Doxycycline 100mg Capsules,2028-11-22,25,2,created,65.05,medium,20,2025-10-12 00:04:40,2026-03-27 15:57:40
289,753bc74042dd41167a1b24aeef7f25adfec2a736d5b0d7ac8255f5d1f504e08e,hdLjNc2mFHG37ejjk6IOVZ0u6ObjFJvJ,64205451588143,B1254-R14,SRL-199401-000289-236,Amoxicillin 500mg Capsules,2027-02-10,15,2,delivered,80.45,high,4,2026-05-23 05:18:40,2025-11-11 03:29:40
290,bc277a6593680ae9773422ddfef68f86ee92d488cee6d4773577695128274ac4,p9Q23faUY5ik2nKK6jnwaIqBZ5dLOBiUpt03tvnVpURYWWrb,24788518592394,B3494-G26,SN-198509-000290-538,Paracetamol 650mg Tablets,2029-01-14,15,20,delivered,97.02,high,5,2026-04-05 21:17:40,2026-01-05 18:12:40
291,46ed0f57475fbc94fd3fdd326fd9d27fd85cfef3c942174addde55cf7dfe8f40,dpLxkzMazeC5Kk3x946Oj4L6HnUT1yFSBl4AspGd6Y3YfmGl,70940820969167,B2103-Z49,SRL-197003-000291-767,Clopidogrel 75mg Tablets,2026-11-14,10,24,sold,7.07,low,9,2026-01-01 06:00:40,2025-06-06 19:16:40
292,0ee198651d5bf15e59ac888cdcdf80f99336494fbbc6c005bc97bdd4dffb3e86,cLAuPsUPRsaMRjGoZb59A6g6IMh66ZH8,86841043606494,B6459-P29,SRL-201309-000292-850,Insulin Regular Vial,2027-08-04,1,10,in_transit,93.94,high,1,2026-08-04 18:57:40,2026-01-07 18:30:40
293,1bfe95645046ec097b2e40a59a293ac4a08ef7770343e2a7656a3e88cd7a7708,gdEmkE8dzUVlcRZUKSKFlClTY0t0rLWEbUH1Wte8,08407040957342,B3727-R85,PU-200602-000293-180,Cetirizine 10mg Tablets,2027-04-26,9,2,delivered,7.34,low,5,2025-08-28 13:23:40,2025-08-30 12:49:40
294,6099396db2bea4314b3af7150e09420e8596769d0d01b5edc94bcad105b0b71b,qSMPpP5cEDdapZat3hrbVLWHlXbmxVVTcF4Hy6MQ,04513639367222,B7840-E35,SN-198411-000294-294,N95 Respirator Mask Box,2027-08-14,9,1,delivered,,,4,2025-11-05 22:39:40,2025-05-03 14:31:40
295,335eff43c603fb67d56d820452699b5da71c3e36db2885536c99c870cb0da000,SLMHSQ2rnfQ4YxfHIIvXoOgOc9XPjbo4QD7wrDRW1QQiNmBd,30632284348137,B7159-A56,SN-201201-000295-113,Metformin 500mg Tablets,2026-12-25,24,18,in_transit,12.97,low,0,,2025-06-04 03:36:40
296,319e0a3edb31b0cf5ad77d6b865723f055162805d5ed24e86306e3d7d1f9a520,5doyoZwiGNOAZMKanchkXobwbqjm6UJRw1JZ8cMH,08499962269025,B5612-W46,PU-200104-000296-330,Doxycycline 100mg Capsules,2025-11-29,1,21,delivered,71.84,high,3,2026-04-19 06:21:40,2026-03-26 03:44:40
297,64560fa51338e795621d9f13b95ba6f4659c5871d865f7aa0f32370871a4a389,LQjEEtza8zY0tABs1jA5amXdFbxmaBQN,04043401202342,B7150-I56,SN-199404-000297-199,Clopidogrel 75mg Tablets,2028-09-21,15,19,created,72.27,high,1,2025-12-13 03:42:40,2025-05-05 16:10:40
298,fb771a8a5959a04875ec2c034a816238beed76633924790e9466144c09acd515,znu2ImtLqPCHaQdlpUDDTHpaNIkLAolYQLDWiJ1rc15tVY53,46511429178602,B3987-A83,SN-197007-000298-357,Pantoprazole 40mg Tablets,2026-12-16,14,20,created,76.11,high,0,,2026-04-12 00:27:40
299,b7d84af3c715f61ba4f41612c9b368160357a37d238ada27df84a2e60d35172f,G3aPutf0Qhy4BBQMm7haZW9njVAMW4ECn6zTRcy5TbXaIdxc,61536086720826,B8116-P56,SRL-197404-000299-271,Losartan 50mg Tablets,2027-03-01,12,19,sold,84.19,high,0,,2026-02-16 09:18:40
300,2de45323fea58c25761a148d9ee155e89330a8991b24af00da6f5ea3c7d2a31a,NX62X6TrBtEKg58RJEJHr9Wp4FcT3YarRPiz2shU,92311578808165,B6561-H42,SN-202001-000300-104,Pantoprazole 40mg Tablets,2026-01-23,14,24,delivered,91.92,high,58,2025-09-16 06:38:40,2026-04-11 10:17:40
