id,product_unit_id,event_id,risk_score,reason,feature_values,model_version,created_at
1,166,203,7.24,Weight variance outside tolerance for declared SKU,"{""temp_excursion_c"":454.85,""scan_velocity_kmh"":107.35}",prov-risk-v1.0.0,2025-11-04 15:28:58+00
2,215,,42.45,Origin country mismatch with declared manufacturer,"{""checksum_valid"":false,""scan_velocity_kmh"":24.79}",prov-risk-v1.1.2,2024-03-13 08:43:41+00
3,286,149,54.07,Origin country mismatch with declared manufacturer,"{""supplier_risk_tier"":""high"",""time_since_last_event_hrs"":460.0,""gps_deviation_km"":186.2,""custody_gap_count"":4}",prov-risk-v2.1.0,2024-04-07 12:56:33+00
4,289,,68.04,Cross-border movement without customs event,"{""label_print_delta_days"":-15,""packaging_hash_similarity"":0.794,""temp_excursion_c"":349.5,""time_since_last_event_hrs"":175.7}",prov-risk-v2.0.1,2025-04-11 10:05:54+00
5,269,176,28.79,Duplicate unit ID detected across regions,"{""supplier_risk_tier"":""low"",""reseller_risk_score"":0.757}",prov-risk-v1.1.2,2026-01-29 13:51:56+00
6,216,,76.46,Origin country mismatch with declared manufacturer,"{""temp_excursion_c"":398.45,""packaging_hash_similarity"":0.069,""label_print_delta_days"":-25,""custody_gap_count"":2}",prov-risk-v2.0.0-beta,2024-04-10 23:22:29+00
7,32,159,99.31,Anomalous reseller account activity,"{""reseller_risk_score"":0.355,""temp_excursion_c"":305.46,""scan_velocity_kmh"":246.85,""checksum_valid"":true}",,2025-03-22 12:14:20+00
8,67,204,87.14,Duplicate unit ID detected across regions,"{""label_print_delta_days"":26,""reseller_risk_score"":0.137,""custody_gap_count"":3}",,2026-05-04 17:40:18+00
9,143,184,38.04,Temperature excursion detected during transit,"{""gps_deviation_km"":115.98,""time_since_last_event_hrs"":168.0,""supplier_risk_tier"":""medium""}",,2026-07-04 04:06:58+00
10,94,3,53.46,Model version confidence below acceptance threshold,"{""time_since_last_event_hrs"":647.7,""supplier_risk_tier"":""high"",""scan_velocity_kmh"":398.94,""checksum_valid"":false}",prov-risk-v2.0.0-beta,2025-09-11 19:00:32+00
11,202,,6.22,Duplicate unit ID detected across regions,"{""label_print_delta_days"":-9,""time_since_last_event_hrs"":432.5,""gps_deviation_km"":51.19}",prov-risk-v2.0.1,2024-08-22 23:33:55+00
12,275,,2.55,Batch code does not match registered production run,"{""time_since_last_event_hrs"":341.4,""custody_gap_count"":0,""temp_excursion_c"":424.47,""supplier_risk_tier"":""medium"",""packaging_hash_similarity"":0.48}",prov-risk-v1.2.0,2024-05-13 10:00:44+00
13,74,,26.48,Missing intermediate custody event,"{""checksum_valid"":false,""supplier_risk_tier"":""low""}",prov-risk-v2.1.0,2026-04-23 18:56:08+00
14,14,153,86.33,Unit re-entered supply chain after terminal event,"{""time_since_last_event_hrs"":389.9,""temp_excursion_c"":251.35,""checksum_valid"":true,""custody_gap_count"":4}",,2024-10-30 03:34:16+00
15,123,117,49.28,Unusual gap between manufacture and first scan event,"{""custody_gap_count"":2,""label_print_delta_days"":-18}",prov-risk-v2.1.0,2026-07-29 01:13:05+00
16,177,179,36.46,Temperature excursion detected during transit,"{""checksum_valid"":true,""label_print_delta_days"":-9}",prov-risk-v1.1.2,2026-01-19 18:37:09+00
17,1,177,8.48,GPS location inconsistent with declared origin,"{""checksum_valid"":false,""label_print_delta_days"":-25,""time_since_last_event_hrs"":576.6,""packaging_hash_similarity"":0.972,""temp_excursion_c"":197.92}",prov-risk-v2.0.0-beta,2024-05-11 22:01:08+00
18,82,66,,Origin country mismatch with declared manufacturer,"{""time_since_last_event_hrs"":394.8,""label_print_delta_days"":-29,""temp_excursion_c"":7.12,""gps_deviation_km"":485.45,""custody_gap_count"":5}",prov-risk-v1.0.0,2026-03-29 00:21:51+00
19,72,100,21.1,Unit re-entered supply chain after terminal event,"{""custody_gap_count"":6,""supplier_risk_tier"":""high"",""checksum_valid"":false}",prov-risk-v1.2.0,2026-04-25 14:56:31+00
20,215,32,35.38,Anomalous reseller account activity,"{""supplier_risk_tier"":""low"",""time_since_last_event_hrs"":628.4,""packaging_hash_similarity"":0.777,""custody_gap_count"":4,""reseller_risk_score"":0.004}",,2024-08-20 17:02:29+00
21,89,,12.03,Serial number checksum mismatch,"{""supplier_risk_tier"":""low"",""packaging_hash_similarity"":0.883,""label_print_delta_days"":-27,""reseller_risk_score"":0.248}",prov-risk-v1.2.0,2024-03-06 13:17:19+00
22,51,288,,Duplicate unit ID detected across regions,"{""temp_excursion_c"":226.17,""supplier_risk_tier"":""high"",""checksum_valid"":false,""packaging_hash_similarity"":0.508,""time_since_last_event_hrs"":178.3}",prov-risk-v2.0.1,2025-02-07 06:18:07+00
23,287,104,13.71,GPS location inconsistent with declared origin,"{""label_print_delta_days"":-3,""temp_excursion_c"":36.56,""gps_deviation_km"":334.74,""supplier_risk_tier"":""low"",""packaging_hash_similarity"":0.897}",prov-risk-v1.1.2,2025-07-22 20:18:09+00
24,74,71,21.96,GPS location inconsistent with declared origin,"{""label_print_delta_days"":-3,""time_since_last_event_hrs"":715.7,""checksum_valid"":false,""gps_deviation_km"":169.56,""temp_excursion_c"":97.87}",prov-risk-v1.2.0,2024-05-23 05:14:32+00
25,188,,44.05,Unusual gap between manufacture and first scan event,"{""temp_excursion_c"":56.42,""supplier_risk_tier"":""low"",""custody_gap_count"":0,""label_print_delta_days"":-25,""scan_velocity_kmh"":132.78}",prov-risk-v1.0.0,2024-10-09 00:43:35+00
26,139,217,67.6,Unit re-entered supply chain after terminal event,"{""time_since_last_event_hrs"":64.4,""supplier_risk_tier"":""low"",""label_print_delta_days"":21,""temp_excursion_c"":344.1,""packaging_hash_similarity"":0.425}",prov-risk-v1.0.0,2025-02-21 18:11:30+00
27,9,134,85.62,Duplicate unit ID detected across regions,"{""gps_deviation_km"":497.15,""label_print_delta_days"":-4,""scan_velocity_kmh"":463.33,""time_since_last_event_hrs"":192.9}",prov-risk-v1.1.2,2024-03-08 02:49:29+00
28,270,57,26.19,Missing intermediate custody event,"{""custody_gap_count"":2,""packaging_hash_similarity"":0.446,""checksum_valid"":true}",prov-risk-v1.2.0,2025-06-23 01:08:08+00
29,10,19,,RFID tag read at two distant locations simultaneously,"{""supplier_risk_tier"":""medium"",""label_print_delta_days"":-24,""checksum_valid"":false}",prov-risk-v2.1.0,2026-02-07 22:59:46+00
30,280,202,30.78,Batch code does not match registered production run,"{""temp_excursion_c"":202.35,""checksum_valid"":false,""time_since_last_event_hrs"":707.0}",,2024-07-20 15:59:15+00
31,8,,25.56,Missing intermediate custody event,"{""gps_deviation_km"":435.27,""reseller_risk_score"":0.671}",prov-risk-v1.2.0,2026-07-19 04:04:38+00
32,125,24,15.75,Anomalous reseller account activity,"{""custody_gap_count"":2,""temp_excursion_c"":486.31}",prov-risk-v2.0.1,2025-05-17 14:13:04+00
33,126,,21.79,Missing intermediate custody event,"{""temp_excursion_c"":41.95,""reseller_risk_score"":0.279}",prov-risk-v2.1.0,2024-11-08 05:04:46+00
34,128,3,81.7,Scan velocity exceeds physically plausible threshold,"{""packaging_hash_similarity"":0.304,""scan_velocity_kmh"":116.4,""reseller_risk_score"":0.586,""supplier_risk_tier"":""high"",""time_since_last_event_hrs"":614.3}",prov-risk-v1.1.2,2026-07-15 17:20:35+00
35,200,254,72.42,Scan velocity exceeds physically plausible threshold,"{""supplier_risk_tier"":""high"",""reseller_risk_score"":0.701}",prov-risk-v2.0.1,2024-08-04 09:45:50+00
36,269,292,80.47,Origin country mismatch with declared manufacturer,"{""gps_deviation_km"":66.55,""scan_velocity_kmh"":180.35,""supplier_risk_tier"":""low""}",prov-risk-v2.0.0-beta,2025-12-02 04:53:47+00
37,286,,,Weight variance outside tolerance for declared SKU,"{""label_print_delta_days"":-1,""custody_gap_count"":6,""scan_velocity_kmh"":35.06}",prov-risk-v2.0.1,2026-04-11 09:41:43+00
38,48,34,47.39,Duplicate unit ID detected across regions,"{""checksum_valid"":false,""packaging_hash_similarity"":0.494,""supplier_risk_tier"":""medium"",""temp_excursion_c"":38.37}",prov-risk-v2.1.0,2025-03-22 08:02:05+00
39,24,102,14.74,Unit re-entered supply chain after terminal event,"{""packaging_hash_similarity"":0.061,""time_since_last_event_hrs"":193.5,""scan_velocity_kmh"":336.0,""checksum_valid"":true}",prov-risk-v2.1.0,2026-01-30 14:08:40+00
40,149,147,46.63,GPS location inconsistent with declared origin,"{""custody_gap_count"":0,""gps_deviation_km"":144.79,""label_print_delta_days"":-26}",,2026-02-26 00:06:25+00
41,231,199,94.56,Batch code does not match registered production run,"{""packaging_hash_similarity"":0.142,""gps_deviation_km"":262.03}",prov-risk-v1.2.0,2024-07-24 23:52:31+00
42,261,58,23.14,Label print date precedes factory commission date,"{""scan_velocity_kmh"":225.38,""time_since_last_event_hrs"":217.4,""packaging_hash_similarity"":0.141,""checksum_valid"":false,""temp_excursion_c"":188.05}",prov-risk-v1.0.0,2025-05-29 16:40:03+00
43,1,174,12.0,Batch code does not match registered production run,"{""custody_gap_count"":2,""packaging_hash_similarity"":0.065}",prov-risk-v2.0.0-beta,2026-07-04 06:05:52+00
44,40,220,85.43,Unit re-entered supply chain after terminal event,"{""scan_velocity_kmh"":317.48,""custody_gap_count"":1}",prov-risk-v1.1.2,2025-02-16 19:03:30+00
45,224,98,78.51,Cross-border movement without customs event,"{""reseller_risk_score"":0.549,""supplier_risk_tier"":""high""}",prov-risk-v1.0.0,2024-03-17 20:36:00+00
46,211,71,28.62,Serial number checksum mismatch,"{""time_since_last_event_hrs"":247.4,""label_print_delta_days"":-11,""reseller_risk_score"":0.256}",prov-risk-v2.1.0,2025-02-08 03:48:19+00
47,208,155,66.89,GPS location inconsistent with declared origin,"{""time_since_last_event_hrs"":360.4,""gps_deviation_km"":405.91,""checksum_valid"":true}",prov-risk-v2.0.0-beta,2025-06-01 00:57:37+00
48,231,281,9.07,Supplier flagged for prior counterfeiting incident,"{""temp_excursion_c"":184.15,""checksum_valid"":true}",prov-risk-v1.0.0,2025-10-03 05:36:56+00
49,197,269,27.02,Serial number checksum mismatch,"{""custody_gap_count"":4,""temp_excursion_c"":314.81,""time_since_last_event_hrs"":621.3,""supplier_risk_tier"":""low"",""packaging_hash_similarity"":0.093}",prov-risk-v1.1.2,2025-08-20 09:27:51+00
50,205,222,84.87,Unusual gap between manufacture and first scan event,"{""scan_velocity_kmh"":484.14,""reseller_risk_score"":0.49,""label_print_delta_days"":-26}",prov-risk-v2.0.0-beta,2026-03-31 00:05:59+00
51,240,128,22.38,Scan velocity exceeds physically plausible threshold,"{""label_print_delta_days"":5,""gps_deviation_km"":388.43}",prov-risk-v1.0.0,2024-07-14 04:38:15+00
52,120,20,30.38,Scan velocity exceeds physically plausible threshold,"{""supplier_risk_tier"":""low"",""reseller_risk_score"":0.3,""gps_deviation_km"":471.77,""scan_velocity_kmh"":95.85}",prov-risk-v1.2.0,2024-12-13 07:46:46+00
53,1,,46.07,Supplier flagged for prior counterfeiting incident,"{""label_print_delta_days"":5,""supplier_risk_tier"":""low"",""checksum_valid"":true}",prov-risk-v2.0.0-beta,2025-04-22 12:37:18+00
54,29,,67.45,Cross-border movement without customs event,"{""custody_gap_count"":5,""checksum_valid"":false}",prov-risk-v1.2.0,2024-12-18 07:11:51+00
55,253,,42.06,Certificate of authenticity signature invalid,"{""scan_velocity_kmh"":102.61,""custody_gap_count"":1,""gps_deviation_km"":155.86}",,2024-10-28 06:21:22+00
56,119,136,29.49,Model version confidence below acceptance threshold,"{""packaging_hash_similarity"":0.91,""time_since_last_event_hrs"":40.6,""checksum_valid"":true,""label_print_delta_days"":29,""reseller_risk_score"":0.393}",prov-risk-v1.1.2,2024-02-06 16:56:32+00
57,73,31,44.96,Supplier flagged for prior counterfeiting incident,"{""gps_deviation_km"":164.62,""time_since_last_event_hrs"":133.6}",prov-risk-v2.0.1,2025-12-27 09:58:54+00
58,17,194,98.5,Anomalous reseller account activity,"{""gps_deviation_km"":139.9,""scan_velocity_kmh"":175.73,""packaging_hash_similarity"":0.956}",prov-risk-v1.0.0,2026-05-21 16:24:07+00
59,107,159,43.24,Serial number checksum mismatch,"{""checksum_valid"":false,""temp_excursion_c"":368.66,""label_print_delta_days"":0,""gps_deviation_km"":15.14,""time_since_last_event_hrs"":295.8}",,2026-08-29 12:54:41+00
60,208,,6.26,Serial number checksum mismatch,"{""checksum_valid"":false,""gps_deviation_km"":167.49,""temp_excursion_c"":476.88,""time_since_last_event_hrs"":31.4}",prov-risk-v2.1.0,2025-05-06 15:21:53+00
61,142,34,,Temperature excursion detected during transit,"{""label_print_delta_days"":19,""packaging_hash_similarity"":0.387}",prov-risk-v1.2.0,2025-10-29 21:15:12+00
62,253,,0.87,Packaging hash does not match reference image,"{""packaging_hash_similarity"":0.861,""checksum_valid"":false,""temp_excursion_c"":180.93}",,2026-07-14 09:56:20+00
63,41,201,24.73,Duplicate unit ID detected across regions,"{""label_print_delta_days"":4,""supplier_risk_tier"":""medium""}",prov-risk-v1.1.2,2025-10-24 15:05:44+00
64,54,136,20.83,Cross-border movement without customs event,"{""label_print_delta_days"":-1,""time_since_last_event_hrs"":446.6,""checksum_valid"":true,""gps_deviation_km"":373.99,""packaging_hash_similarity"":0.847}",prov-risk-v2.1.0,2024-07-07 05:20:55+00
65,151,291,25.41,Unit re-entered supply chain after terminal event,"{""label_print_delta_days"":-15,""checksum_valid"":true,""time_since_last_event_hrs"":110.4}",prov-risk-v2.0.1,2024-10-19 10:28:25+00
66,168,,24.59,RFID tag read at two distant locations simultaneously,"{""gps_deviation_km"":51.17,""label_print_delta_days"":0,""scan_velocity_kmh"":441.41}",prov-risk-v1.1.2,2025-11-27 09:43:45+00
67,192,,11.92,Batch code does not match registered production run,"{""gps_deviation_km"":224.56,""temp_excursion_c"":129.97,""time_since_last_event_hrs"":560.0}",prov-risk-v1.0.0,2024-06-13 07:45:59+00
68,180,189,4.42,Unit re-entered supply chain after terminal event,"{""packaging_hash_similarity"":0.815,""checksum_valid"":false}",prov-risk-v2.0.0-beta,2025-07-31 14:03:12+00
69,95,40,79.53,Weight variance outside tolerance for declared SKU,"{""gps_deviation_km"":332.01,""reseller_risk_score"":0.155,""packaging_hash_similarity"":0.534,""supplier_risk_tier"":""high"",""checksum_valid"":true}",prov-risk-v2.0.0-beta,2025-02-25 05:50:01+00
70,210,158,5.14,Origin country mismatch with declared manufacturer,"{""reseller_risk_score"":0.767,""packaging_hash_similarity"":0.802,""scan_velocity_kmh"":322.24,""supplier_risk_tier"":""medium""}",prov-risk-v2.1.0,2025-09-21 02:30:15+00
71,105,223,42.38,Duplicate unit ID detected across regions,"{""packaging_hash_similarity"":0.13,""temp_excursion_c"":25.85,""label_print_delta_days"":-21,""reseller_risk_score"":0.641,""gps_deviation_km"":454.9}",prov-risk-v1.0.0,2026-06-08 21:56:12+00
72,190,88,28.33,RFID tag read at two distant locations simultaneously,"{""gps_deviation_km"":245.25,""packaging_hash_similarity"":0.805,""reseller_risk_score"":0.967}",prov-risk-v1.1.2,2025-04-13 13:01:59+00
73,65,23,48.27,Serial number checksum mismatch,"{""gps_deviation_km"":307.36,""time_since_last_event_hrs"":141.2,""checksum_valid"":false,""custody_gap_count"":1,""label_print_delta_days"":6}",prov-risk-v1.1.2,2024-03-05 19:09:27+00
74,205,81,12.31,Temperature excursion detected during transit,"{""scan_velocity_kmh"":333.95,""supplier_risk_tier"":""medium"",""packaging_hash_similarity"":0.118}",prov-risk-v2.0.1,2025-12-08 22:58:34+00
75,282,157,30.82,Temperature excursion detected during transit,"{""reseller_risk_score"":0.179,""temp_excursion_c"":1.75,""label_print_delta_days"":1,""custody_gap_count"":3,""checksum_valid"":true}",prov-risk-v2.0.0-beta,2026-08-18 22:09:25+00
76,235,243,6.71,QR code resolution anomaly detected,"{""temp_excursion_c"":328.55,""gps_deviation_km"":20.33,""label_print_delta_days"":-22,""custody_gap_count"":0,""reseller_risk_score"":0.922}",prov-risk-v1.2.0,2026-03-05 13:25:16+00
77,41,,37.79,Scan velocity exceeds physically plausible threshold,"{""gps_deviation_km"":96.85,""packaging_hash_similarity"":0.982}",prov-risk-v2.0.0-beta,2025-03-23 05:00:13+00
78,85,114,35.09,Unit re-entered supply chain after terminal event,"{""temp_excursion_c"":71.79,""custody_gap_count"":4,""label_print_delta_days"":28}",prov-risk-v2.0.0-beta,2024-11-19 14:51:25+00
79,135,122,3.68,Missing intermediate custody event,"{""time_since_last_event_hrs"":570.3,""custody_gap_count"":2,""temp_excursion_c"":57.54,""checksum_valid"":true,""gps_deviation_km"":318.16}",prov-risk-v1.2.0,2025-12-04 18:30:10+00
80,285,54,53.57,Certificate of authenticity signature invalid,"{""custody_gap_count"":1,""reseller_risk_score"":0.36,""temp_excursion_c"":382.32,""packaging_hash_similarity"":0.442}",prov-risk-v1.1.2,2026-08-13 22:47:32+00
81,25,265,63.92,Origin country mismatch with declared manufacturer,"{""scan_velocity_kmh"":145.49,""packaging_hash_similarity"":0.626,""checksum_valid"":false,""gps_deviation_km"":256.34}",prov-risk-v1.0.0,2024-07-24 02:11:06+00
82,251,24,,Unusual gap between manufacture and first scan event,"{""custody_gap_count"":1,""gps_deviation_km"":206.62,""temp_excursion_c"":150.58,""packaging_hash_similarity"":0.134}",prov-risk-v1.2.0,2026-08-27 05:46:47+00
83,244,8,24.36,Scan velocity exceeds physically plausible threshold,"{""gps_deviation_km"":391.08,""packaging_hash_similarity"":0.402,""time_since_last_event_hrs"":190.3,""reseller_risk_score"":0.011,""temp_excursion_c"":322.47}",prov-risk-v2.0.1,2025-06-28 05:20:59+00
84,297,266,24.85,Unusual gap between manufacture and first scan event,"{""scan_velocity_kmh"":12.61,""supplier_risk_tier"":""low""}",prov-risk-v1.1.2,2024-09-04 08:01:33+00
85,30,54,,Weight variance outside tolerance for declared SKU,"{""time_since_last_event_hrs"":373.1,""reseller_risk_score"":0.643,""checksum_valid"":false}",,2026-08-10 13:08:36+00
86,90,33,4.85,Label print date precedes factory commission date,"{""reseller_risk_score"":0.745,""packaging_hash_similarity"":0.465}",prov-risk-v2.1.0,2025-12-03 21:56:49+00
87,90,54,64.4,GPS location inconsistent with declared origin,"{""custody_gap_count"":4,""scan_velocity_kmh"":339.62,""packaging_hash_similarity"":0.686,""temp_excursion_c"":458.64}",prov-risk-v1.2.0,2025-04-04 05:24:00+00
88,112,,16.98,Temperature excursion detected during transit,"{""time_since_last_event_hrs"":633.7,""temp_excursion_c"":164.28,""checksum_valid"":true}",prov-risk-v2.0.0-beta,2026-09-06 18:03:09+00
89,275,272,85.75,Cross-border movement without customs event,"{""packaging_hash_similarity"":0.392,""custody_gap_count"":4,""checksum_valid"":true}",prov-risk-v2.0.1,2024-09-23 11:42:02+00
90,75,,62.2,Missing intermediate custody event,"{""time_since_last_event_hrs"":99.6,""scan_velocity_kmh"":321.77,""supplier_risk_tier"":""low"",""label_print_delta_days"":14}",prov-risk-v1.0.0,2024-03-13 12:41:41+00
91,34,187,95.46,Weight variance outside tolerance for declared SKU,"{""reseller_risk_score"":0.247,""gps_deviation_km"":101.58}",prov-risk-v1.0.0,2024-02-23 11:31:29+00
92,45,148,13.27,Batch code does not match registered production run,"{""temp_excursion_c"":10.46,""packaging_hash_similarity"":0.257,""reseller_risk_score"":0.283,""time_since_last_event_hrs"":515.3}",prov-risk-v1.2.0,2025-05-13 09:20:30+00
93,258,148,3.1,Cross-border movement without customs event,"{""reseller_risk_score"":0.773,""supplier_risk_tier"":""medium""}",prov-risk-v2.0.0-beta,2024-03-15 17:56:07+00
94,276,47,28.71,Cross-border movement without customs event,"{""supplier_risk_tier"":""medium"",""checksum_valid"":true}",prov-risk-v1.0.0,2025-06-24 07:03:38+00
95,252,,82.53,Label print date precedes factory commission date,"{""supplier_risk_tier"":""low"",""custody_gap_count"":5,""time_since_last_event_hrs"":166.7,""label_print_delta_days"":-20}",prov-risk-v1.0.0,2024-05-05 15:31:18+00
96,252,288,62.79,QR code resolution anomaly detected,"{""reseller_risk_score"":0.892,""packaging_hash_similarity"":0.745}",prov-risk-v2.0.0-beta,2024-02-09 02:33:21+00
97,191,135,54.49,Missing intermediate custody event,"{""checksum_valid"":true,""label_print_delta_days"":-8,""time_since_last_event_hrs"":418.7,""custody_gap_count"":4,""reseller_risk_score"":0.155}",,2025-11-30 12:38:45+00
98,284,87,68.91,Unit re-entered supply chain after terminal event,"{""time_since_last_event_hrs"":462.7,""temp_excursion_c"":348.28,""label_print_delta_days"":2}",prov-risk-v1.1.2,2025-02-19 12:28:51+00
99,155,80,97.48,Supplier flagged for prior counterfeiting incident,"{""time_since_last_event_hrs"":186.3,""checksum_valid"":true,""temp_excursion_c"":82.3,""gps_deviation_km"":328.95}",prov-risk-v1.1.2,2025-08-19 21:14:26+00
100,78,155,43.49,Batch code does not match registered production run,"{""gps_deviation_km"":103.22,""custody_gap_count"":3}",prov-risk-v2.0.0-beta,2024-02-22 17:03:43+00
101,7,224,50.05,Packaging hash does not match reference image,"{""scan_velocity_kmh"":202.36,""time_since_last_event_hrs"":533.5,""custody_gap_count"":6,""label_print_delta_days"":-3,""temp_excursion_c"":350.58}",prov-risk-v2.0.1,2025-10-16 05:47:20+00
102,118,299,67.96,GPS location inconsistent with declared origin,"{""reseller_risk_score"":0.098,""temp_excursion_c"":209.79,""custody_gap_count"":6,""supplier_risk_tier"":""medium"",""packaging_hash_similarity"":0.713}",prov-risk-v2.1.0,2024-08-31 01:11:30+00
103,129,248,62.16,Cross-border movement without customs event,"{""temp_excursion_c"":415.94,""scan_velocity_kmh"":454.1,""reseller_risk_score"":0.106}",prov-risk-v1.2.0,2026-04-24 01:55:33+00
104,112,103,10.11,Origin country mismatch with declared manufacturer,"{""supplier_risk_tier"":""high"",""checksum_valid"":false,""label_print_delta_days"":3,""custody_gap_count"":2,""scan_velocity_kmh"":205.17}",prov-risk-v2.0.0-beta,2024-11-22 08:42:03+00
105,95,63,61.4,Serial number checksum mismatch,"{""custody_gap_count"":0,""reseller_risk_score"":0.075,""supplier_risk_tier"":""medium"",""scan_velocity_kmh"":314.28}",prov-risk-v2.1.0,2025-07-01 00:10:17+00
106,298,115,40.05,RFID tag read at two distant locations simultaneously,"{""reseller_risk_score"":0.165,""label_print_delta_days"":29,""checksum_valid"":true}",,2024-10-27 01:58:30+00
107,241,116,14.63,Cross-border movement without customs event,"{""custody_gap_count"":2,""supplier_risk_tier"":""low"",""time_since_last_event_hrs"":192.5,""reseller_risk_score"":0.376,""checksum_valid"":false}",prov-risk-v2.0.0-beta,2024-10-15 18:28:16+00
108,247,,28.12,Temperature excursion detected during transit,"{""temp_excursion_c"":311.68,""label_print_delta_days"":-25,""supplier_risk_tier"":""high"",""checksum_valid"":false}",prov-risk-v1.1.2,2025-04-15 22:56:51+00
109,198,,90.58,Scan velocity exceeds physically plausible threshold,"{""packaging_hash_similarity"":0.952,""scan_velocity_kmh"":327.98,""supplier_risk_tier"":""medium"",""gps_deviation_km"":304.1}",prov-risk-v2.0.1,2024-08-09 17:27:18+00
110,120,232,15.27,Certificate of authenticity signature invalid,"{""packaging_hash_similarity"":0.197,""gps_deviation_km"":346.4,""custody_gap_count"":4}",prov-risk-v1.0.0,2025-11-12 07:40:38+00
111,60,136,82.71,Label print date precedes factory commission date,"{""supplier_risk_tier"":""high"",""scan_velocity_kmh"":245.69,""label_print_delta_days"":1,""checksum_valid"":true,""gps_deviation_km"":269.77}",,2024-01-11 06:19:07+00
112,83,240,49.76,Packaging hash does not match reference image,"{""temp_excursion_c"":90.26,""reseller_risk_score"":0.36,""supplier_risk_tier"":""high"",""packaging_hash_similarity"":0.029,""scan_velocity_kmh"":304.84}",prov-risk-v2.1.0,2025-05-28 08:17:04+00
113,49,249,14.45,Batch code does not match registered production run,"{""time_since_last_event_hrs"":263.6,""temp_excursion_c"":237.27,""gps_deviation_km"":262.77,""reseller_risk_score"":0.771,""supplier_risk_tier"":""low""}",prov-risk-v1.2.0,2025-11-07 01:02:30+00
114,176,284,28.91,QR code resolution anomaly detected,"{""reseller_risk_score"":0.345,""temp_excursion_c"":101.77,""custody_gap_count"":3,""packaging_hash_similarity"":0.792,""label_print_delta_days"":-9}",prov-risk-v1.1.2,2025-05-07 14:07:15+00
115,154,,8.76,Serial number checksum mismatch,"{""supplier_risk_tier"":""low"",""reseller_risk_score"":0.006,""scan_velocity_kmh"":94.97,""checksum_valid"":false,""time_since_last_event_hrs"":438.3}",prov-risk-v2.1.0,2024-04-03 10:30:31+00
116,257,193,62.68,Model version confidence below acceptance threshold,"{""checksum_valid"":false,""scan_velocity_kmh"":312.64}",prov-risk-v1.1.2,2024-06-06 11:02:07+00
117,93,216,91.41,Unusual gap between manufacture and first scan event,"{""time_since_last_event_hrs"":217.5,""custody_gap_count"":3,""supplier_risk_tier"":""low"",""reseller_risk_score"":0.318}",prov-risk-v2.0.0-beta,2026-05-29 18:24:43+00
118,297,28,52.22,GPS location inconsistent with declared origin,"{""packaging_hash_similarity"":0.68,""reseller_risk_score"":0.594,""label_print_delta_days"":30,""scan_velocity_kmh"":329.7,""supplier_risk_tier"":""low""}",prov-risk-v2.0.0-beta,2025-10-02 16:01:25+00
119,281,,21.23,Scan velocity exceeds physically plausible threshold,"{""reseller_risk_score"":0.009,""scan_velocity_kmh"":334.68}",,2024-05-16 22:04:15+00
120,112,67,27.54,Origin country mismatch with declared manufacturer,"{""label_print_delta_days"":-7,""time_since_last_event_hrs"":557.3,""scan_velocity_kmh"":356.78}",,2024-08-12 22:31:07+00
121,44,286,46.06,Unit re-entered supply chain after terminal event,"{""scan_velocity_kmh"":30.28,""packaging_hash_similarity"":0.883}",prov-risk-v2.1.0,2026-08-18 09:03:05+00
122,41,160,16.6,Label print date precedes factory commission date,"{""temp_excursion_c"":474.38,""packaging_hash_similarity"":0.728}",prov-risk-v2.0.0-beta,2024-09-15 14:27:40+00
123,75,60,64.49,Cross-border movement without customs event,"{""reseller_risk_score"":0.334,""label_print_delta_days"":-13,""custody_gap_count"":0,""packaging_hash_similarity"":0.622,""supplier_risk_tier"":""high""}",prov-risk-v2.1.0,2026-07-20 21:59:59+00
124,171,8,60.11,Packaging hash does not match reference image,"{""checksum_valid"":true,""reseller_risk_score"":0.807,""supplier_risk_tier"":""medium"",""temp_excursion_c"":344.28,""packaging_hash_similarity"":0.322}",prov-risk-v1.2.0,2025-10-18 07:56:32+00
125,81,22,14.07,Origin country mismatch with declared manufacturer,"{""custody_gap_count"":2,""supplier_risk_tier"":""high"",""label_print_delta_days"":-25}",prov-risk-v2.0.1,2026-05-10 02:28:34+00
126,249,103,72.22,Temperature excursion detected during transit,"{""packaging_hash_similarity"":0.708,""scan_velocity_kmh"":463.0,""reseller_risk_score"":0.586,""checksum_valid"":true}",,2025-08-21 00:52:25+00
127,236,275,77.22,Temperature excursion detected during transit,"{""packaging_hash_similarity"":0.321,""supplier_risk_tier"":""high"",""custody_gap_count"":4,""reseller_risk_score"":0.202,""label_print_delta_days"":-17}",prov-risk-v1.1.2,2024-05-23 05:01:50+00
128,93,149,56.44,Certificate of authenticity signature invalid,"{""checksum_valid"":false,""scan_velocity_kmh"":433.19,""label_print_delta_days"":-7}",prov-risk-v2.1.0,2025-12-20 22:03:59+00
129,42,16,51.95,Unusual gap between manufacture and first scan event,"{""scan_velocity_kmh"":495.2,""checksum_valid"":false}",prov-risk-v2.0.1,2026-05-31 02:09:01+00
130,110,144,94.65,Origin country mismatch with declared manufacturer,"{""custody_gap_count"":1,""scan_velocity_kmh"":497.31,""temp_excursion_c"":189.1}",prov-risk-v1.0.0,2024-03-20 05:19:29+00
131,18,235,84.56,Duplicate unit ID detected across regions,"{""gps_deviation_km"":116.6,""packaging_hash_similarity"":0.09,""custody_gap_count"":5,""time_since_last_event_hrs"":364.7,""label_print_delta_days"":-19}",prov-risk-v2.0.0-beta,2024-09-05 03:06:26+00
132,190,114,94.17,QR code resolution anomaly detected,"{""supplier_risk_tier"":""low"",""scan_velocity_kmh"":128.95}",prov-risk-v2.0.1,2026-01-20 23:23:26+00
133,29,,0.58,Batch code does not match registered production run,"{""packaging_hash_similarity"":0.324,""label_print_delta_days"":-14,""gps_deviation_km"":195.02,""checksum_valid"":false}",prov-risk-v2.0.0-beta,2025-08-12 18:13:52+00
134,87,74,89.22,Anomalous reseller account activity,"{""scan_velocity_kmh"":38.89,""time_since_last_event_hrs"":445.4,""checksum_valid"":false}",prov-risk-v2.1.0,2024-08-05 02:44:03+00
135,229,198,62.84,Anomalous reseller account activity,"{""temp_excursion_c"":314.09,""checksum_valid"":true,""label_print_delta_days"":-9,""scan_velocity_kmh"":110.83}",prov-risk-v1.0.0,2024-10-06 23:49:18+00
136,232,75,14.94,Cross-border movement without customs event,"{""checksum_valid"":false,""time_since_last_event_hrs"":240.8,""scan_velocity_kmh"":83.9,""supplier_risk_tier"":""medium"",""custody_gap_count"":0}",prov-risk-v1.2.0,2025-12-09 15:47:47+00
137,248,,5.69,Batch code does not match registered production run,"{""custody_gap_count"":2,""gps_deviation_km"":216.03,""packaging_hash_similarity"":0.262,""reseller_risk_score"":0.239,""supplier_risk_tier"":""low""}",prov-risk-v1.0.0,2025-08-29 01:40:13+00
138,149,84,72.65,Packaging hash does not match reference image,"{""scan_velocity_kmh"":255.39,""label_print_delta_days"":-2,""temp_excursion_c"":0.96}",,2026-03-29 00:34:26+00
139,147,223,40.89,Unit re-entered supply chain after terminal event,"{""time_since_last_event_hrs"":512.4,""packaging_hash_similarity"":0.197,""checksum_valid"":true}",,2024-05-15 19:17:29+00
140,254,90,61.24,Batch code does not match registered production run,"{""checksum_valid"":false,""scan_velocity_kmh"":420.53,""gps_deviation_km"":458.12,""temp_excursion_c"":259.23}",prov-risk-v1.2.0,2025-06-04 17:53:06+00
141,145,253,40.95,Label print date precedes factory commission date,"{""custody_gap_count"":4,""checksum_valid"":false,""time_since_last_event_hrs"":26.4}",prov-risk-v2.1.0,2025-07-30 14:02:46+00
142,295,3,93.21,RFID tag read at two distant locations simultaneously,"{""gps_deviation_km"":357.29,""temp_excursion_c"":408.27}",,2025-05-13 14:57:22+00
143,196,32,10.77,Label print date precedes factory commission date,"{""supplier_risk_tier"":""low"",""scan_velocity_kmh"":111.85,""time_since_last_event_hrs"":131.3,""packaging_hash_similarity"":0.103,""gps_deviation_km"":125.23}",,2024-02-16 17:13:24+00
144,10,,19.51,Unusual gap between manufacture and first scan event,"{""supplier_risk_tier"":""low"",""checksum_valid"":true,""label_print_delta_days"":-28,""scan_velocity_kmh"":136.51,""time_since_last_event_hrs"":334.7}",prov-risk-v2.0.1,2026-02-16 21:31:10+00
145,144,,88.44,Weight variance outside tolerance for declared SKU,"{""checksum_valid"":false,""time_since_last_event_hrs"":118.3,""label_print_delta_days"":22}",prov-risk-v1.0.0,2025-08-26 21:27:16+00
146,216,270,97.05,Serial number checksum mismatch,"{""temp_excursion_c"":167.54,""reseller_risk_score"":0.436,""checksum_valid"":false,""supplier_risk_tier"":""medium""}",,2026-05-21 14:36:19+00
147,28,76,93.43,Temperature excursion detected during transit,"{""scan_velocity_kmh"":34.63,""temp_excursion_c"":216.52,""gps_deviation_km"":252.39,""custody_gap_count"":0,""label_print_delta_days"":-16}",prov-risk-v1.1.2,2025-10-15 13:52:31+00
148,204,233,80.93,Serial number checksum mismatch,"{""packaging_hash_similarity"":0.918,""custody_gap_count"":4}",prov-risk-v1.2.0,2026-09-02 22:49:59+00
149,278,19,25.06,RFID tag read at two distant locations simultaneously,"{""reseller_risk_score"":0.951,""checksum_valid"":false}",prov-risk-v1.0.0,2025-04-19 10:34:30+00
150,178,62,95.91,RFID tag read at two distant locations simultaneously,"{""gps_deviation_km"":61.96,""label_print_delta_days"":-22,""time_since_last_event_hrs"":637.3,""checksum_valid"":false}",prov-risk-v2.0.1,2025-03-23 20:52:10+00
151,141,45,28.72,Anomalous reseller account activity,"{""reseller_risk_score"":0.461,""checksum_valid"":false,""temp_excursion_c"":306.4}",prov-risk-v2.0.0-beta,2025-04-27 08:26:54+00
152,16,114,54.59,Origin country mismatch with declared manufacturer,"{""scan_velocity_kmh"":161.98,""temp_excursion_c"":162.74,""time_since_last_event_hrs"":194.3,""reseller_risk_score"":0.878,""gps_deviation_km"":108.07}",prov-risk-v1.0.0,2024-02-03 20:14:00+00
153,82,179,6.2,Certificate of authenticity signature invalid,"{""temp_excursion_c"":466.98,""gps_deviation_km"":208.38,""checksum_valid"":false,""packaging_hash_similarity"":0.14,""reseller_risk_score"":0.202}",prov-risk-v2.0.1,2025-03-05 21:53:37+00
154,266,,92.2,Label print date precedes factory commission date,"{""time_since_last_event_hrs"":295.5,""reseller_risk_score"":0.55,""gps_deviation_km"":58.72,""scan_velocity_kmh"":198.75}",prov-risk-v2.0.1,2024-08-20 10:43:34+00
155,214,144,60.73,Certificate of authenticity signature invalid,"{""label_print_delta_days"":-5,""custody_gap_count"":4,""temp_excursion_c"":277.68,""time_since_last_event_hrs"":276.8,""reseller_risk_score"":0.322}",,2026-02-15 00:34:00+00
156,195,95,80.3,Cross-border movement without customs event,"{""packaging_hash_similarity"":0.324,""checksum_valid"":true,""gps_deviation_km"":479.38,""reseller_risk_score"":0.204,""time_since_last_event_hrs"":307.0}",prov-risk-v1.0.0,2024-02-09 17:30:49+00
157,25,255,53.64,Packaging hash does not match reference image,"{""supplier_risk_tier"":""medium"",""packaging_hash_similarity"":0.041,""reseller_risk_score"":0.676,""checksum_valid"":false,""label_print_delta_days"":30}",prov-risk-v1.0.0,2024-04-16 01:15:09+00
158,269,210,40.09,Weight variance outside tolerance for declared SKU,"{""checksum_valid"":false,""reseller_risk_score"":0.44,""label_print_delta_days"":9}",prov-risk-v2.0.1,2025-06-17 06:23:38+00
159,272,48,31.81,Duplicate unit ID detected across regions,"{""supplier_risk_tier"":""medium"",""time_since_last_event_hrs"":496.7,""gps_deviation_km"":410.28,""temp_excursion_c"":495.12}",prov-risk-v2.0.0-beta,2026-09-07 09:09:37+00
160,81,262,89.31,Cross-border movement without customs event,"{""scan_velocity_kmh"":284.93,""gps_deviation_km"":315.66,""temp_excursion_c"":361.43}",prov-risk-v2.1.0,2025-10-01 02:45:39+00
161,6,158,55.29,Packaging hash does not match reference image,"{""gps_deviation_km"":248.93,""scan_velocity_kmh"":276.62,""supplier_risk_tier"":""medium"",""packaging_hash_similarity"":0.871,""reseller_risk_score"":0.896}",prov-risk-v2.0.1,2024-08-11 06:10:38+00
162,295,63,51.84,RFID tag read at two distant locations simultaneously,"{""scan_velocity_kmh"":38.07,""gps_deviation_km"":473.92}",prov-risk-v2.0.0-beta,2025-12-27 06:19:10+00
163,221,32,68.46,Origin country mismatch with declared manufacturer,"{""time_since_last_event_hrs"":122.0,""checksum_valid"":false,""temp_excursion_c"":314.35,""packaging_hash_similarity"":0.859}",prov-risk-v2.0.1,2024-04-07 21:39:02+00
164,179,198,,Temperature excursion detected during transit,"{""packaging_hash_similarity"":0.238,""scan_velocity_kmh"":111.45,""label_print_delta_days"":-20,""supplier_risk_tier"":""high"",""custody_gap_count"":6}",prov-risk-v1.1.2,2025-05-04 00:21:08+00
165,4,234,60.26,Label print date precedes factory commission date,"{""checksum_valid"":true,""reseller_risk_score"":0.413}",prov-risk-v2.0.0-beta,2026-01-22 11:21:09+00
166,12,125,16.99,Certificate of authenticity signature invalid,"{""scan_velocity_kmh"":280.77,""custody_gap_count"":0,""reseller_risk_score"":0.335}",,2025-08-22 00:06:44+00
167,172,34,42.23,QR code resolution anomaly detected,"{""reseller_risk_score"":0.284,""checksum_valid"":true,""label_print_delta_days"":-3}",prov-risk-v1.0.0,2025-03-09 14:49:36+00
168,13,80,12.99,Batch code does not match registered production run,"{""supplier_risk_tier"":""low"",""time_since_last_event_hrs"":114.6,""label_print_delta_days"":-8,""checksum_valid"":true}",prov-risk-v2.1.0,2025-09-21 09:09:53+00
169,193,298,95.09,RFID tag read at two distant locations simultaneously,"{""checksum_valid"":false,""label_print_delta_days"":8,""time_since_last_event_hrs"":647.7}",prov-risk-v2.0.1,2025-07-25 15:52:32+00
170,274,262,87.24,GPS location inconsistent with declared origin,"{""supplier_risk_tier"":""high"",""custody_gap_count"":6}",,2025-08-20 19:02:29+00
171,15,291,1.5,Duplicate unit ID detected across regions,"{""checksum_valid"":true,""temp_excursion_c"":34.04,""packaging_hash_similarity"":0.914}",,2026-02-16 06:58:47+00
172,153,160,28.86,Certificate of authenticity signature invalid,"{""temp_excursion_c"":314.02,""reseller_risk_score"":0.629,""label_print_delta_days"":25,""supplier_risk_tier"":""low""}",prov-risk-v1.2.0,2024-10-01 00:25:26+00
173,16,180,2.53,Anomalous reseller account activity,"{""reseller_risk_score"":0.182,""temp_excursion_c"":57.62,""gps_deviation_km"":456.34}",prov-risk-v2.1.0,2024-12-06 12:03:54+00
174,21,83,75.7,Scan velocity exceeds physically plausible threshold,"{""scan_velocity_kmh"":470.78,""supplier_risk_tier"":""high"",""custody_gap_count"":6,""temp_excursion_c"":113.83,""reseller_risk_score"":0.498}",prov-risk-v2.0.1,2025-01-30 16:14:35+00
175,223,295,0.1,Packaging hash does not match reference image,"{""packaging_hash_similarity"":0.974,""scan_velocity_kmh"":340.53}",prov-risk-v1.0.0,2025-05-09 20:27:24+00
176,108,177,8.61,Certificate of authenticity signature invalid,"{""custody_gap_count"":2,""supplier_risk_tier"":""medium"",""gps_deviation_km"":221.28}",prov-risk-v1.2.0,2026-02-20 11:59:10+00
177,232,106,51.19,Scan velocity exceeds physically plausible threshold,"{""checksum_valid"":true,""scan_velocity_kmh"":484.71,""custody_gap_count"":5,""gps_deviation_km"":118.0,""label_print_delta_days"":-14}",prov-risk-v1.1.2,2024-04-02 05:57:45+00
178,87,211,63.65,Scan velocity exceeds physically plausible threshold,"{""label_print_delta_days"":15,""packaging_hash_similarity"":0.242,""checksum_valid"":false}",prov-risk-v1.1.2,2025-06-29 23:25:01+00
179,154,,58.76,Temperature excursion detected during transit,"{""gps_deviation_km"":470.61,""supplier_risk_tier"":""high"",""reseller_risk_score"":0.667,""label_print_delta_days"":8}",prov-risk-v2.0.0-beta,2025-09-22 20:27:43+00
180,106,,36.05,Batch code does not match registered production run,"{""scan_velocity_kmh"":151.95,""custody_gap_count"":0}",prov-risk-v2.1.0,2025-04-24 21:14:50+00
181,230,83,46.87,QR code resolution anomaly detected,"{""time_since_last_event_hrs"":7.8,""supplier_risk_tier"":""medium"",""gps_deviation_km"":41.99,""scan_velocity_kmh"":358.57}",prov-risk-v2.1.0,2026-05-25 14:31:18+00
182,136,,43.42,Batch code does not match registered production run,"{""scan_velocity_kmh"":142.99,""temp_excursion_c"":306.68,""gps_deviation_km"":365.32,""supplier_risk_tier"":""high""}",prov-risk-v1.2.0,2025-01-17 03:06:55+00
183,41,,,Certificate of authenticity signature invalid,"{""custody_gap_count"":5,""temp_excursion_c"":262.72,""time_since_last_event_hrs"":644.8}",prov-risk-v2.1.0,2024-09-18 16:36:45+00
184,53,159,32.67,Missing intermediate custody event,"{""temp_excursion_c"":275.57,""checksum_valid"":false,""packaging_hash_similarity"":0.838,""gps_deviation_km"":126.77}",prov-risk-v1.0.0,2024-03-05 02:01:22+00
185,55,207,94.49,Label print date precedes factory commission date,"{""label_print_delta_days"":10,""time_since_last_event_hrs"":57.8,""custody_gap_count"":5,""packaging_hash_similarity"":0.227,""reseller_risk_score"":0.138}",prov-risk-v2.1.0,2025-09-15 12:44:26+00
186,46,226,21.83,QR code resolution anomaly detected,"{""scan_velocity_kmh"":212.72,""supplier_risk_tier"":""medium""}",prov-risk-v1.0.0,2024-03-26 21:40:07+00
187,264,174,0.88,Missing intermediate custody event,"{""reseller_risk_score"":0.443,""custody_gap_count"":4,""scan_velocity_kmh"":337.63}",prov-risk-v2.0.1,2024-10-30 13:37:53+00
188,241,,46.05,Weight variance outside tolerance for declared SKU,"{""reseller_risk_score"":0.723,""gps_deviation_km"":165.77,""scan_velocity_kmh"":329.22}",prov-risk-v2.0.1,2026-06-06 05:05:55+00
189,216,247,13.69,Supplier flagged for prior counterfeiting incident,"{""checksum_valid"":false,""packaging_hash_similarity"":0.691}",prov-risk-v1.1.2,2026-06-18 13:21:00+00
190,191,214,24.02,Anomalous reseller account activity,"{""custody_gap_count"":4,""gps_deviation_km"":374.92,""checksum_valid"":true,""supplier_risk_tier"":""medium"",""reseller_risk_score"":0.65}",prov-risk-v1.1.2,2026-04-04 12:45:42+00
191,129,117,22.66,Origin country mismatch with declared manufacturer,"{""supplier_risk_tier"":""medium"",""gps_deviation_km"":339.75}",,2025-11-13 18:46:06+00
192,69,282,83.85,GPS location inconsistent with declared origin,"{""label_print_delta_days"":4,""reseller_risk_score"":0.171}",prov-risk-v1.1.2,2026-05-24 15:24:24+00
193,244,71,61.88,Certificate of authenticity signature invalid,"{""scan_velocity_kmh"":7.59,""temp_excursion_c"":297.15,""packaging_hash_similarity"":0.213}",prov-risk-v1.2.0,2024-07-06 05:58:09+00
194,70,45,87.21,Origin country mismatch with declared manufacturer,"{""temp_excursion_c"":183.49,""time_since_last_event_hrs"":605.9}",,2024-01-19 02:13:54+00
195,131,,73.72,QR code resolution anomaly detected,"{""scan_velocity_kmh"":163.68,""temp_excursion_c"":301.53,""gps_deviation_km"":17.07,""time_since_last_event_hrs"":655.4,""custody_gap_count"":1}",prov-risk-v1.2.0,2025-07-04 11:16:54+00
196,99,11,58.14,GPS location inconsistent with declared origin,"{""label_print_delta_days"":-26,""gps_deviation_km"":400.35}",prov-risk-v1.1.2,2024-08-21 09:31:57+00
197,284,195,58.83,Unit re-entered supply chain after terminal event,"{""label_print_delta_days"":-21,""scan_velocity_kmh"":243.59,""supplier_risk_tier"":""medium"",""time_since_last_event_hrs"":628.6}",,2024-02-25 02:00:09+00
198,39,201,96.75,Anomalous reseller account activity,"{""checksum_valid"":true,""supplier_risk_tier"":""medium"",""gps_deviation_km"":446.99,""time_since_last_event_hrs"":424.2,""reseller_risk_score"":0.044}",prov-risk-v1.1.2,2025-07-14 18:30:02+00
199,240,240,35.37,Unusual gap between manufacture and first scan event,"{""packaging_hash_similarity"":0.021,""label_print_delta_days"":-1,""temp_excursion_c"":438.14,""gps_deviation_km"":304.33}",prov-risk-v2.1.0,2024-08-14 12:53:12+00
200,74,140,99.14,QR code resolution anomaly detected,"{""scan_velocity_kmh"":436.19,""supplier_risk_tier"":""medium"",""gps_deviation_km"":316.55}",prov-risk-v2.1.0,2024-06-02 18:42:38+00
201,186,122,93.86,Duplicate unit ID detected across regions,"{""temp_excursion_c"":436.43,""packaging_hash_similarity"":0.716,""checksum_valid"":false,""time_since_last_event_hrs"":43.5}",prov-risk-v1.2.0,2025-05-17 01:46:07+00
202,247,125,99.66,Scan velocity exceeds physically plausible threshold,"{""checksum_valid"":false,""scan_velocity_kmh"":222.76,""label_print_delta_days"":6}",,2025-04-14 18:40:08+00
203,87,74,30.85,Origin country mismatch with declared manufacturer,"{""gps_deviation_km"":89.37,""checksum_valid"":false,""packaging_hash_similarity"":0.987,""custody_gap_count"":2}",,2025-10-27 07:03:08+00
204,35,164,27.59,Unit re-entered supply chain after terminal event,"{""time_since_last_event_hrs"":170.6,""custody_gap_count"":0}",prov-risk-v1.1.2,2024-03-15 02:10:28+00
205,205,145,64.81,Batch code does not match registered production run,"{""scan_velocity_kmh"":39.65,""time_since_last_event_hrs"":582.8,""packaging_hash_similarity"":0.876}",prov-risk-v1.2.0,2024-07-31 07:15:20+00
206,3,275,1.5,Supplier flagged for prior counterfeiting incident,"{""checksum_valid"":false,""temp_excursion_c"":433.87}",prov-risk-v1.0.0,2026-01-25 11:28:44+00
207,208,173,86.33,Serial number checksum mismatch,"{""packaging_hash_similarity"":0.776,""temp_excursion_c"":493.91}",prov-risk-v2.0.0-beta,2025-02-03 06:18:07+00
208,238,14,56.41,Supplier flagged for prior counterfeiting incident,"{""reseller_risk_score"":0.157,""temp_excursion_c"":9.3}",prov-risk-v1.1.2,2024-08-09 14:40:38+00
209,272,47,36.17,QR code resolution anomaly detected,"{""packaging_hash_similarity"":0.741,""temp_excursion_c"":128.92,""checksum_valid"":false}",,2024-02-19 03:22:30+00
210,159,282,45.32,Unit re-entered supply chain after terminal event,"{""supplier_risk_tier"":""medium"",""packaging_hash_similarity"":0.009,""custody_gap_count"":3,""gps_deviation_km"":49.9}",,2025-07-17 02:56:06+00
211,78,117,97.91,Unusual gap between manufacture and first scan event,"{""gps_deviation_km"":277.62,""scan_velocity_kmh"":90.91,""checksum_valid"":false}",prov-risk-v2.1.0,2024-08-19 22:52:48+00
212,91,83,35.08,Temperature excursion detected during transit,"{""label_print_delta_days"":-1,""checksum_valid"":true,""temp_excursion_c"":161.92,""reseller_risk_score"":0.904,""supplier_risk_tier"":""low""}",prov-risk-v2.1.0,2024-01-24 23:30:50+00
213,34,206,35.07,Temperature excursion detected during transit,"{""reseller_risk_score"":0.021,""packaging_hash_similarity"":0.709,""checksum_valid"":true,""scan_velocity_kmh"":115.69,""time_since_last_event_hrs"":146.3}",,2025-10-23 03:52:55+00
214,143,256,56.95,Missing intermediate custody event,"{""custody_gap_count"":2,""time_since_last_event_hrs"":2.8,""packaging_hash_similarity"":0.872,""supplier_risk_tier"":""low"",""scan_velocity_kmh"":80.8}",prov-risk-v2.1.0,2026-08-05 23:58:22+00
215,232,27,20.98,QR code resolution anomaly detected,"{""label_print_delta_days"":-3,""time_since_last_event_hrs"":622.1}",prov-risk-v1.2.0,2024-02-07 22:35:47+00
216,58,5,30.27,RFID tag read at two distant locations simultaneously,"{""gps_deviation_km"":198.59,""time_since_last_event_hrs"":298.2,""label_print_delta_days"":11,""temp_excursion_c"":459.25}",prov-risk-v2.1.0,2025-09-08 05:07:13+00
217,172,17,20.14,Unusual gap between manufacture and first scan event,"{""time_since_last_event_hrs"":428.5,""supplier_risk_tier"":""high""}",prov-risk-v2.0.0-beta,2024-06-11 21:46:31+00
218,11,,6.46,GPS location inconsistent with declared origin,"{""label_print_delta_days"":3,""time_since_last_event_hrs"":308.5}",prov-risk-v1.1.2,2024-12-13 20:03:18+00
219,277,,50.07,GPS location inconsistent with declared origin,"{""label_print_delta_days"":24,""gps_deviation_km"":483.75,""temp_excursion_c"":441.58,""supplier_risk_tier"":""high""}",prov-risk-v1.0.0,2025-02-28 01:09:56+00
220,91,,96.63,Batch code does not match registered production run,"{""reseller_risk_score"":0.952,""supplier_risk_tier"":""medium""}",prov-risk-v1.0.0,2025-05-20 23:25:17+00
221,22,279,33.08,Cross-border movement without customs event,"{""reseller_risk_score"":0.419,""packaging_hash_similarity"":0.973,""temp_excursion_c"":193.54,""custody_gap_count"":3}",prov-risk-v2.0.0-beta,2024-08-10 05:21:00+00
222,3,257,25.47,Model version confidence below acceptance threshold,"{""checksum_valid"":true,""packaging_hash_similarity"":0.909,""gps_deviation_km"":24.76,""scan_velocity_kmh"":347.09,""custody_gap_count"":2}",prov-risk-v2.1.0,2025-11-18 06:51:10+00
223,282,234,0.09,Label print date precedes factory commission date,"{""packaging_hash_similarity"":0.825,""supplier_risk_tier"":""high"",""reseller_risk_score"":0.869,""gps_deviation_km"":177.6}",prov-risk-v1.0.0,2025-09-03 07:37:58+00
224,270,165,79.73,Temperature excursion detected during transit,"{""custody_gap_count"":4,""label_print_delta_days"":0,""temp_excursion_c"":285.35,""packaging_hash_similarity"":0.999}",prov-risk-v1.0.0,2026-04-01 09:13:05+00
225,187,271,36.58,Missing intermediate custody event,"{""label_print_delta_days"":-10,""time_since_last_event_hrs"":274.5,""scan_velocity_kmh"":416.06}",,2025-10-26 23:17:27+00
226,63,129,36.48,RFID tag read at two distant locations simultaneously,"{""label_print_delta_days"":-12,""gps_deviation_km"":498.48,""custody_gap_count"":5,""checksum_valid"":true}",prov-risk-v2.0.0-beta,2026-01-13 01:48:25+00
227,90,77,,Scan velocity exceeds physically plausible threshold,"{""label_print_delta_days"":-7,""supplier_risk_tier"":""high"",""checksum_valid"":false,""custody_gap_count"":6}",prov-risk-v2.0.0-beta,2025-01-27 19:32:04+00
228,10,1,5.77,Missing intermediate custody event,"{""supplier_risk_tier"":""low"",""custody_gap_count"":2,""temp_excursion_c"":417.07,""time_since_last_event_hrs"":65.8}",prov-risk-v2.1.0,2026-02-05 10:57:36+00
229,46,217,29.05,QR code resolution anomaly detected,"{""label_print_delta_days"":-7,""reseller_risk_score"":0.042}",,2025-04-03 15:35:32+00
230,209,132,38.54,Origin country mismatch with declared manufacturer,"{""packaging_hash_similarity"":0.063,""checksum_valid"":true,""temp_excursion_c"":164.73}",prov-risk-v1.0.0,2024-05-04 04:20:41+00
231,229,270,93.57,Unusual gap between manufacture and first scan event,"{""packaging_hash_similarity"":0.935,""label_print_delta_days"":14}",,2025-11-08 11:44:38+00
232,213,91,43.98,Label print date precedes factory commission date,"{""supplier_risk_tier"":""high"",""scan_velocity_kmh"":100.12,""checksum_valid"":true}",prov-risk-v2.1.0,2025-04-01 16:24:57+00
233,284,199,11.81,Temperature excursion detected during transit,"{""packaging_hash_similarity"":0.102,""scan_velocity_kmh"":44.13}",,2024-11-30 23:29:57+00
234,289,103,48.28,Serial number checksum mismatch,"{""packaging_hash_similarity"":0.872,""time_since_last_event_hrs"":104.8,""reseller_risk_score"":0.334,""label_print_delta_days"":3,""scan_velocity_kmh"":491.11}",prov-risk-v1.1.2,2026-04-17 03:05:09+00
235,141,45,25.5,Packaging hash does not match reference image,"{""supplier_risk_tier"":""low"",""reseller_risk_score"":0.867,""scan_velocity_kmh"":400.99,""time_since_last_event_hrs"":616.8,""packaging_hash_similarity"":0.257}",prov-risk-v1.1.2,2024-07-23 16:00:11+00
236,27,192,65.63,Origin country mismatch with declared manufacturer,"{""temp_excursion_c"":228.22,""packaging_hash_similarity"":0.707,""checksum_valid"":true}",prov-risk-v2.1.0,2025-05-03 04:42:29+00
237,5,210,82.34,Serial number checksum mismatch,"{""checksum_valid"":true,""label_print_delta_days"":21,""custody_gap_count"":4,""gps_deviation_km"":305.36}",prov-risk-v2.0.0-beta,2025-11-22 02:21:37+00
238,105,30,85.81,GPS location inconsistent with declared origin,"{""time_since_last_event_hrs"":586.3,""gps_deviation_km"":248.57}",prov-risk-v1.0.0,2026-05-21 13:48:32+00
239,85,151,53.44,Missing intermediate custody event,"{""checksum_valid"":false,""supplier_risk_tier"":""low"",""gps_deviation_km"":100.81}",prov-risk-v1.0.0,2024-03-19 03:43:19+00
240,213,132,44.24,Cross-border movement without customs event,"{""scan_velocity_kmh"":80.07,""time_since_last_event_hrs"":321.3,""packaging_hash_similarity"":0.758}",,2026-06-23 04:37:28+00
241,164,79,25.8,Weight variance outside tolerance for declared SKU,"{""time_since_last_event_hrs"":701.4,""checksum_valid"":false,""reseller_risk_score"":0.38}",prov-risk-v2.1.0,2025-03-28 03:30:58+00
242,115,48,14.89,Missing intermediate custody event,"{""temp_excursion_c"":61.06,""reseller_risk_score"":0.923,""gps_deviation_km"":498.06,""scan_velocity_kmh"":469.71,""time_since_last_event_hrs"":379.0}",prov-risk-v1.2.0,2026-01-31 01:23:16+00
243,179,,88.94,Duplicate unit ID detected across regions,"{""label_print_delta_days"":8,""custody_gap_count"":4,""supplier_risk_tier"":""high""}",,2024-05-17 09:03:26+00
244,104,,89.31,Temperature excursion detected during transit,"{""scan_velocity_kmh"":97.19,""gps_deviation_km"":76.11,""packaging_hash_similarity"":0.3,""time_since_last_event_hrs"":123.8}",prov-risk-v1.2.0,2025-11-29 11:11:07+00
245,247,187,78.77,Packaging hash does not match reference image,"{""supplier_risk_tier"":""low"",""label_print_delta_days"":17}",prov-risk-v2.0.1,2024-06-24 11:11:47+00
246,83,237,3.96,Origin country mismatch with declared manufacturer,"{""reseller_risk_score"":0.415,""time_since_last_event_hrs"":602.8}",prov-risk-v1.0.0,2025-08-05 02:18:07+00
247,84,47,84.23,Label print date precedes factory commission date,"{""time_since_last_event_hrs"":632.9,""custody_gap_count"":0,""gps_deviation_km"":76.54,""scan_velocity_kmh"":135.23}",prov-risk-v2.0.1,2024-07-01 15:47:51+00
248,167,84,4.21,Unit re-entered supply chain after terminal event,"{""checksum_valid"":true,""custody_gap_count"":1,""reseller_risk_score"":0.908,""supplier_risk_tier"":""high""}",,2026-04-10 18:35:11+00
249,257,49,,Serial number checksum mismatch,"{""packaging_hash_similarity"":0.154,""checksum_valid"":false,""supplier_risk_tier"":""low"",""scan_velocity_kmh"":212.0,""gps_deviation_km"":312.12}",prov-risk-v1.0.0,2025-03-29 12:58:29+00
250,292,44,21.76,Temperature excursion detected during transit,"{""checksum_valid"":false,""gps_deviation_km"":491.48}",prov-risk-v1.0.0,2024-11-29 20:02:41+00
251,90,176,75.92,Origin country mismatch with declared manufacturer,"{""scan_velocity_kmh"":393.3,""temp_excursion_c"":16.12,""reseller_risk_score"":0.789}",prov-risk-v1.1.2,2026-03-05 10:20:30+00
252,86,177,20.37,Temperature excursion detected during transit,"{""gps_deviation_km"":248.66,""scan_velocity_kmh"":389.63,""label_print_delta_days"":28,""supplier_risk_tier"":""low""}",,2026-07-26 12:07:57+00
253,33,26,78.66,Duplicate unit ID detected across regions,"{""packaging_hash_similarity"":0.772,""time_since_last_event_hrs"":357.3,""label_print_delta_days"":-14,""temp_excursion_c"":414.21}",prov-risk-v1.2.0,2024-03-22 23:39:34+00
254,239,85,82.52,RFID tag read at two distant locations simultaneously,"{""packaging_hash_similarity"":0.968,""supplier_risk_tier"":""medium"",""gps_deviation_km"":375.36,""scan_velocity_kmh"":423.74}",prov-risk-v1.1.2,2024-11-03 14:28:50+00
255,235,253,93.33,Serial number checksum mismatch,"{""reseller_risk_score"":0.228,""temp_excursion_c"":335.97,""packaging_hash_similarity"":0.792,""checksum_valid"":false,""scan_velocity_kmh"":396.47}",prov-risk-v1.0.0,2025-04-11 18:20:27+00
256,251,57,47.54,Cross-border movement without customs event,"{""label_print_delta_days"":-17,""time_since_last_event_hrs"":59.8,""temp_excursion_c"":196.94,""custody_gap_count"":3}",prov-risk-v2.0.1,2024-02-20 14:15:29+00
257,150,139,88.96,Cross-border movement without customs event,"{""gps_deviation_km"":187.82,""checksum_valid"":true,""scan_velocity_kmh"":194.83}",prov-risk-v1.2.0,2024-08-22 10:06:54+00
258,186,180,61.02,Certificate of authenticity signature invalid,"{""label_print_delta_days"":23,""temp_excursion_c"":484.13,""checksum_valid"":false,""reseller_risk_score"":0.527}",prov-risk-v1.0.0,2024-09-29 09:23:52+00
259,54,233,65.72,QR code resolution anomaly detected,"{""supplier_risk_tier"":""high"",""packaging_hash_similarity"":0.377}",,2025-01-28 13:14:47+00
260,214,,44.41,Packaging hash does not match reference image,"{""custody_gap_count"":3,""reseller_risk_score"":0.493,""scan_velocity_kmh"":345.79,""temp_excursion_c"":9.0}",,2024-07-03 22:39:42+00
261,286,160,89.11,Model version confidence below acceptance threshold,"{""scan_velocity_kmh"":476.49,""temp_excursion_c"":445.71,""label_print_delta_days"":-21,""gps_deviation_km"":93.83,""packaging_hash_similarity"":0.918}",prov-risk-v2.0.1,2024-03-13 12:04:16+00
262,201,144,24.17,Weight variance outside tolerance for declared SKU,"{""reseller_risk_score"":0.978,""supplier_risk_tier"":""high""}",prov-risk-v1.0.0,2025-08-14 01:32:54+00
263,253,185,27.75,Missing intermediate custody event,"{""scan_velocity_kmh"":258.0,""supplier_risk_tier"":""low"",""temp_excursion_c"":81.07,""gps_deviation_km"":369.17,""reseller_risk_score"":0.171}",prov-risk-v1.2.0,2024-03-24 02:29:00+00
264,153,185,18.71,Packaging hash does not match reference image,"{""checksum_valid"":false,""temp_excursion_c"":180.9,""label_print_delta_days"":-10,""packaging_hash_similarity"":0.386,""scan_velocity_kmh"":481.8}",prov-risk-v1.2.0,2024-06-23 17:07:47+00
265,105,231,40.83,Missing intermediate custody event,"{""scan_velocity_kmh"":267.84,""time_since_last_event_hrs"":476.2,""custody_gap_count"":6,""reseller_risk_score"":0.671}",,2024-04-28 18:43:39+00
266,141,203,28.84,GPS location inconsistent with declared origin,"{""label_print_delta_days"":22,""scan_velocity_kmh"":349.05,""supplier_risk_tier"":""medium"",""custody_gap_count"":2}",prov-risk-v2.0.1,2025-07-12 22:24:26+00
267,136,36,9.64,Model version confidence below acceptance threshold,"{""gps_deviation_km"":483.65,""custody_gap_count"":5,""time_since_last_event_hrs"":534.5,""temp_excursion_c"":58.92,""packaging_hash_similarity"":0.404}",,2025-06-14 21:09:44+00
268,205,173,18.57,Scan velocity exceeds physically plausible threshold,"{""custody_gap_count"":0,""time_since_last_event_hrs"":665.7,""checksum_valid"":true,""supplier_risk_tier"":""high"",""temp_excursion_c"":1.55}",prov-risk-v2.0.1,2024-12-31 21:40:59+00
269,296,110,27.38,Scan velocity exceeds physically plausible threshold,"{""checksum_valid"":false,""packaging_hash_similarity"":0.899,""gps_deviation_km"":371.5}",,2025-08-14 18:38:06+00
270,148,,70.38,Model version confidence below acceptance threshold,"{""gps_deviation_km"":106.54,""supplier_risk_tier"":""low"",""custody_gap_count"":2,""label_print_delta_days"":-24}",prov-risk-v1.2.0,2026-06-02 21:32:20+00
271,41,265,83.86,Supplier flagged for prior counterfeiting incident,"{""scan_velocity_kmh"":223.44,""label_print_delta_days"":2,""time_since_last_event_hrs"":42.6}",prov-risk-v2.0.0-beta,2026-07-05 21:56:50+00
272,285,17,82.74,GPS location inconsistent with declared origin,"{""checksum_valid"":true,""custody_gap_count"":1,""temp_excursion_c"":278.3,""time_since_last_event_hrs"":590.7,""supplier_risk_tier"":""medium""}",,2026-06-16 04:04:52+00
273,275,115,2.84,RFID tag read at two distant locations simultaneously,"{""reseller_risk_score"":0.274,""temp_excursion_c"":44.76,""gps_deviation_km"":56.19,""supplier_risk_tier"":""medium""}",prov-risk-v2.0.1,2026-07-03 14:21:46+00
274,210,29,96.13,Supplier flagged for prior counterfeiting incident,"{""gps_deviation_km"":226.98,""label_print_delta_days"":13,""time_since_last_event_hrs"":633.9,""checksum_valid"":false}",prov-risk-v1.1.2,2025-06-14 18:44:44+00
275,98,,75.96,Duplicate unit ID detected across regions,"{""label_print_delta_days"":20,""checksum_valid"":true}",,2025-02-16 14:32:49+00
276,104,152,94.83,Model version confidence below acceptance threshold,"{""gps_deviation_km"":102.82,""temp_excursion_c"":6.51}",,2026-09-05 23:08:27+00
277,276,182,56.54,Supplier flagged for prior counterfeiting incident,"{""custody_gap_count"":1,""gps_deviation_km"":345.66,""scan_velocity_kmh"":210.51,""temp_excursion_c"":14.69}",prov-risk-v2.1.0,2025-12-07 21:43:28+00
278,53,79,88.43,Label print date precedes factory commission date,"{""temp_excursion_c"":238.12,""packaging_hash_similarity"":0.822}",prov-risk-v1.1.2,2024-06-18 02:48:37+00
279,271,261,35.38,Unusual gap between manufacture and first scan event,"{""custody_gap_count"":6,""supplier_risk_tier"":""high"",""reseller_risk_score"":0.726}",prov-risk-v1.1.2,2025-11-09 08:34:39+00
280,69,,72.79,Weight variance outside tolerance for declared SKU,"{""scan_velocity_kmh"":101.98,""packaging_hash_similarity"":0.573,""gps_deviation_km"":456.94,""checksum_valid"":false,""supplier_risk_tier"":""medium""}",prov-risk-v2.0.1,2026-05-19 06:48:38+00
281,237,106,,Batch code does not match registered production run,"{""reseller_risk_score"":0.878,""gps_deviation_km"":472.41,""supplier_risk_tier"":""medium"",""custody_gap_count"":3}",prov-risk-v2.0.1,2026-06-28 14:24:12+00
282,226,292,5.38,Label print date precedes factory commission date,"{""reseller_risk_score"":0.692,""checksum_valid"":false,""label_print_delta_days"":8}",prov-risk-v1.1.2,2024-07-02 21:56:49+00
283,255,33,80.0,Temperature excursion detected during transit,"{""reseller_risk_score"":0.634,""checksum_valid"":true}",prov-risk-v1.1.2,2024-05-25 17:00:52+00
284,103,20,40.2,Temperature excursion detected during transit,"{""supplier_risk_tier"":""medium"",""reseller_risk_score"":0.041}",prov-risk-v2.0.0-beta,2024-01-29 07:22:13+00
285,246,54,88.23,GPS location inconsistent with declared origin,"{""time_since_last_event_hrs"":443.4,""supplier_risk_tier"":""medium"",""packaging_hash_similarity"":0.106}",,2025-08-15 19:50:41+00
286,2,,,Duplicate unit ID detected across regions,"{""scan_velocity_kmh"":307.54,""supplier_risk_tier"":""medium""}",prov-risk-v2.0.0-beta,2024-01-12 20:32:56+00
287,287,13,50.7,Anomalous reseller account activity,"{""gps_deviation_km"":491.65,""checksum_valid"":true,""reseller_risk_score"":0.546}",prov-risk-v1.2.0,2024-05-26 01:43:42+00
288,45,52,27.4,Packaging hash does not match reference image,"{""time_since_last_event_hrs"":138.3,""label_print_delta_days"":-25,""temp_excursion_c"":37.5,""reseller_risk_score"":0.114}",prov-risk-v2.1.0,2026-07-19 03:33:26+00
289,110,234,92.38,Origin country mismatch with declared manufacturer,"{""gps_deviation_km"":358.34,""scan_velocity_kmh"":15.31,""supplier_risk_tier"":""high""}",prov-risk-v1.1.2,2025-10-31 04:24:12+00
290,29,151,70.65,Unit re-entered supply chain after terminal event,"{""temp_excursion_c"":47.36,""scan_velocity_kmh"":221.44,""packaging_hash_similarity"":0.981,""checksum_valid"":false}",,2026-08-25 20:55:50+00
291,167,128,,Weight variance outside tolerance for declared SKU,"{""temp_excursion_c"":271.99,""checksum_valid"":false}",,2025-05-25 15:07:25+00
292,1,123,79.46,Weight variance outside tolerance for declared SKU,"{""gps_deviation_km"":212.5,""scan_velocity_kmh"":168.48,""temp_excursion_c"":32.13}",prov-risk-v1.0.0,2025-12-12 12:43:25+00
293,83,28,53.84,Cross-border movement without customs event,"{""checksum_valid"":false,""packaging_hash_similarity"":0.755}",prov-risk-v1.0.0,2025-02-08 04:34:30+00
294,221,91,61.43,Missing intermediate custody event,"{""reseller_risk_score"":0.961,""checksum_valid"":true,""temp_excursion_c"":345.57,""time_since_last_event_hrs"":150.6}",prov-risk-v1.2.0,2026-08-18 11:14:06+00
295,73,35,30.39,Duplicate unit ID detected across regions,"{""supplier_risk_tier"":""low"",""scan_velocity_kmh"":180.75}",prov-risk-v1.1.2,2026-05-15 17:36:59+00
296,58,262,27.35,Anomalous reseller account activity,"{""gps_deviation_km"":197.39,""custody_gap_count"":5,""supplier_risk_tier"":""high""}",prov-risk-v1.1.2,2025-11-22 04:06:53+00
297,49,236,83.23,Unusual gap between manufacture and first scan event,"{""checksum_valid"":false,""gps_deviation_km"":138.82,""packaging_hash_similarity"":0.01,""reseller_risk_score"":0.19,""time_since_last_event_hrs"":651.5}",prov-risk-v1.1.2,2026-06-30 20:16:27+00
298,160,93,48.14,Serial number checksum mismatch,"{""custody_gap_count"":2,""gps_deviation_km"":7.41,""checksum_valid"":true,""scan_velocity_kmh"":468.03,""reseller_risk_score"":0.355}",prov-risk-v2.0.1,2024-09-30 21:59:50+00
299,71,129,16.62,GPS location inconsistent with declared origin,"{""time_since_last_event_hrs"":671.2,""custody_gap_count"":0,""reseller_risk_score"":0.224}",prov-risk-v1.1.2,2024-12-06 05:38:50+00
300,197,124,47.18,Unusual gap between manufacture and first scan event,"{""gps_deviation_km"":418.21,""reseller_risk_score"":0.235}",prov-risk-v1.0.0,2026-01-04 03:22:18+00
