id,email,password_hash,role,organization_id,created_at
1,katherine.davis@shipco.com,$2b$12$809ed57079136004091ca95aac778b5dde4296731e6fa5ec0ba00,logistics,16,2023-12-04 11:47:57+00
2,sarah.mitchell@logitrack.io,$2b$12$a37309fc81baa51287730d677941dd44a5b8eb104b2a03b155caa,logistics,35,2022-10-07 02:37:44+00
3,nicole.ramirez@shipco.com,$2b$12$938d132c914dcfcd29926449bd37dcb201eea320955fb50fdceda,manufacturer,14,2024-01-02 20:27:13+00
4,nicholas.hill@shipco.com,$2b$12$a9853f202eee93853375b89ddb71468e45e207170c52608314c3d,logistics,35,2025-08-05 09:39:54+00
5,mark.lewis@industryhub.co,$2b$12$f0cb682bb6b21735f55f947fc38955f08079484c10c4f3a93fd4a,manufacturer,1,2023-05-21 01:03:40+00
6,catherine.ramirez@steelworks-inc.com,$2b$12$be8f1b3be88ae0dcfab64656ae54d1b97ee275fed5e1bab7f25cf,manufacturer,14,2024-11-20 18:18:31+00
7,susan.garcia@portside-logistics.com,$2b$12$591c3c72b9b937eb48ad25736874a45e359b829611a050a28e6d6,manufacturer,23,2024-04-10 20:06:18+00
8,jennifer.campbell@assemblynow.com,$2b$12$a229581b05089642f87e5ec2baa7a411ccbbab101ddf4470e86cd,logistics,25,2022-09-11 19:46:06+00
9,stephen.jackson@protonmail.com,$2b$12$ab51174749c7320a9a2109cbfd6d6ba7cd06c5657918a40c84b78,logistics,24,2023-08-30 10:04:34+00
10,william.williams@gmail.com,$2b$12$4d115519557cfd1cebdf5fb335b1a970f5b1c3fb2fd83cb78be04,manufacturer,19,2022-09-14 21:43:15+00
11,sandra.miller@portside-logistics.com,$2b$12$543db0df61bbd3434fa5ab1f89137fee377ba4cb216bc3086e6e8,manufacturer,24,2023-05-30 08:22:06+00
12,deborah.thompson@northwind-mfg.com,$2b$12$010b26dd815d331479d58e7967ba3149292b829ab40d0b485a349,logistics,5,2023-06-25 17:01:20+00
13,jonathan.campbell@northwind-mfg.com,$2b$12$2f9a0ccba915fd23a3901155660273ae08eed1f826332876de8d1,manufacturer,25,2024-04-27 16:46:07+00
14,katherine.hall@freightbridge.io,$2b$12$d10bd2c6bc1f01e9f0db11d0752ad9114b528ed72d362b29012b0,manufacturer,21,2022-07-02 19:02:08+00
15,sandra.williams@yahoo.com,$2b$12$1f22b47141c6d683f07d32cea019f8401f6aeb6c5a76f511f77dd,manufacturer,18,2022-08-03 15:22:48+00
16,betty.torres@outlook.com,$2b$12$dbea250f091b7ba85e22ab35728ee72abfec50cbbeed742d99ef4,manufacturer,32,2025-05-23 04:27:09+00
17,samuel.robinson@fabrixmfg.com,$2b$12$1337a191f6fbc26886819c177a2a834a317642ac5a4d78d5238c4,manufacturer,16,2026-08-11 13:03:34+00
18,kimberly.mitchell@industryhub.co,$2b$12$c39c11f07b82dbe546f1f60c2a713f90c6728af8e709498d3217c,manufacturer,38,2025-06-03 21:27:37+00
19,george.anderson@fabrixmfg.com,$2b$12$821427ba8108c03bfe33180edabeccb22e7f7584a31e5cef7b7fa,logistics,6,2022-06-05 09:15:05+00
20,joseph.martinez@gmail.com,$2b$12$d1b3d500a8786f34737e3c0a8ce70967822f57429f6eed1bf3095,manufacturer,28,2022-07-26 08:58:09+00
21,stephanie.harris@industryhub.co,$2b$12$a14a9670523592e472d8c264da5d77cada71b777197534fc3784d,admin,36,2022-02-14 16:05:13+00
22,rachel.campbell@logitrack.io,$2b$12$202ff8da8b645213c24ea80b63ccddded238220bc9b6bc348e269,logistics,35,2024-04-17 23:55:40+00
23,samuel.perez@logitrack.io,$2b$12$6a988313a52530eadc1c3cd44cd77d8ad20a613b8ad8a106f9066,manufacturer,11,2025-11-19 16:05:30+00
24,james.campbell@outlook.com,$2b$12$a54c17fd666294c78576646062a24ab78303da084d951131d82d5,manufacturer,33,2023-07-19 01:14:59+00
25,nicholas.miller@protonmail.com,$2b$12$b3183c2291d89b3b96c53f7df09e9f4f22badb62b90ccb63680fe,logistics,33,2023-09-19 23:53:12+00
26,karen.white@yahoo.com,$2b$12$f97b9a2ce14f512621513cddf9e450bb227ad7a72fe806fdca295,manufacturer,34,2022-01-11 18:38:37+00
27,scott.lee@assemblynow.com,$2b$12$1458215b422a8fad9def36f7b5e1f474a431646c72b7cc413d19b,manufacturer,24,2024-08-22 09:54:55+00
28,donald.brown@northwind-mfg.com,$2b$12$358497c4e24678a6893fb619a4d3dc29cc1e58aaf299a13f6146c,logistics,6,2022-10-03 02:47:02+00
29,gary.jones@yahoo.com,$2b$12$ff361dbd49df6a87294d51eeafa40ea0d4387bef4fca4ef6aec51,logistics,9,2023-02-12 21:33:41+00
30,frank.walker@freightbridge.io,$2b$12$96656543ee862b41ba44a40d97544cbdb7aa0c47ab739348e7d30,manufacturer,34,2025-08-16 15:27:05+00
31,betty.wright@yahoo.com,$2b$12$5edf96a622806a29dfd17852e5da0815f07564e97633d006e11aa,logistics,13,2024-09-04 11:15:05+00
32,rebecca.nelson@gmail.com,$2b$12$33e696f95fa7f31e356731f27361b4e8bd1462ae9cde8fba88f2d,manufacturer,34,2025-11-12 17:14:48+00
33,jessica.thomas@northwind-mfg.com,$2b$12$09039c0d6f903eaee5d1f53202f1cb675329bdb9ebfb6fb684371,manufacturer,2,2023-12-25 22:35:53+00
34,nicole.anderson@shipco.com,$2b$12$8dc8300d082b2893aec72cda0e91b354bf2f538b8d6779abd5171,manufacturer,4,2023-12-22 07:08:13+00
35,william.williams@protonmail.com,$2b$12$9156745d5ce2a9d7fbb53f7a2a2107ce67af384d445cb0ffe5a79,manufacturer,33,2024-01-19 10:54:42+00
36,emily.nelson@assemblynow.com,$2b$12$2f1f8d7a0031e360eb234d859dab88a531cbf1287cd08709f8e89,manufacturer,9,2026-01-17 12:54:23+00
37,ashley.walker@yahoo.com,$2b$12$4b98a2010990aa404d9271db432bb729d59fda69aac1c79e3796d,manufacturer,7,2022-11-07 03:41:06+00
38,frank.ramirez@steelworks-inc.com,$2b$12$af50aa7e26a03654ea93ea8b144789cc3b14c235efe830c210f08,manufacturer,30,2022-06-27 07:17:46+00
39,gregory.adams@gmail.com,$2b$12$7f4df484d7c79ac22278a33512f3e6f5dbfa8d8cf3d30633ac1e8,manufacturer,26,2024-11-29 04:14:08+00
40,susan.thomas@northwind-mfg.com,$2b$12$b27c56df476d1ca1290e4029b2919e56da02616b46c1320ecd24c,manufacturer,29,2023-03-21 12:44:59+00
41,jason.lopez@cargolinx.com,$2b$12$2f033b2bf61e04b3867760ada2b77a650ad6b11bcde691306af4e,logistics,5,2025-10-17 18:13:23+00
42,stephen.miller@shipco.com,$2b$12$ae8e1aa928699f4ad9e94b15995f2c47e8e342187674c1eb0d922,logistics,35,2022-02-24 20:25:30+00
43,barbara.carter@protonmail.com,$2b$12$519268f5262d8dbe7a5a9f8057b9ec54645f647b22c1284ae20ca,manufacturer,27,2026-02-26 20:01:37+00
44,amy.wilson@protonmail.com,$2b$12$8efc22108ef226694aa518b444eb297137c44973cacaab497995d,manufacturer,4,2023-06-05 12:14:00+00
45,edward.smith@portside-logistics.com,$2b$12$f9fd898333120b65215adbaab2f9d14e6a59233a61a43de3f0700,manufacturer,30,2024-06-14 05:43:27+00
46,jason.hall@outlook.com,$2b$12$d1fabda64c22a25edbf25894dc2cc3228960c5ff425de2d9dbc22,admin,32,2023-05-05 22:29:17+00
47,matthew.jackson@northwind-mfg.com,$2b$12$ade230f38320750aa9fc9c81fb078488849cf0aa202bc90f3cea6,admin,35,2022-07-18 09:19:32+00
48,kenneth.brown@shipco.com,$2b$12$df3a51d19fe4028708e5fc430325c07a22da92f8592dbe27a88fb,logistics,33,2026-07-18 03:38:07+00
49,christopher.brown@freightbridge.io,$2b$12$40fe29baada852b1ce8c95cc6b7cf372d635b21d0cfbb433367e3,manufacturer,12,2022-08-10 21:19:14+00
50,scott.jones@gmail.com,$2b$12$4fb01544217b8ebae3e18ec29124bdff91088a20f489fe96e8323,logistics,26,2023-01-17 11:23:36+00
51,larry.thomas@industryhub.co,$2b$12$47f95f3588f0926f074068287576ef663a0e52b96ad6330c099f9,logistics,40,2022-09-21 17:07:33+00
52,sharon.nelson@industryhub.co,$2b$12$799fd96bac26e7431d64768a428d31e5a89e8ed83d445f43f145d,logistics,21,2024-03-30 04:05:58+00
53,anthony.nelson@outlook.com,$2b$12$37bb4f829e20b3b14ca70a02bfa4d3f07bc31ec5ceea9d08c78c6,manufacturer,17,2025-05-23 15:55:54+00
54,thomas.nelson@gmail.com,$2b$12$c4d3fc49fc747763f2154b96d3567e6efcce44b30dd69f6b27469,manufacturer,21,2022-08-23 09:12:24+00
55,mary.robinson@industryhub.co,$2b$12$14c8e363d0799e1b012290bbacf315caaaee517657e7c7cf6f87e,admin,5,2026-08-07 08:55:36+00
56,betty.allen@cargolinx.com,$2b$12$ff8cb8cf2aeb832166952e51ec97afda906d5b64ed17743645331,manufacturer,23,2022-08-11 17:27:06+00
57,ashley.white@cargolinx.com,$2b$12$06c11c56dc8371db0e6f4005dc09f0c4c44779ac8671d10e936f5,manufacturer,35,2024-08-06 21:18:46+00
58,brandon.adams@freightbridge.io,$2b$12$96428d41a874f34a489520418ae4c9e79e11cc232ded111490cb6,manufacturer,36,2024-07-28 03:17:50+00
59,frank.miller@fabrixmfg.com,$2b$12$5d0c19b12c4f9666fc5669ed09c7732f48cfaf870fced74015191,manufacturer,7,2023-05-07 23:02:10+00
60,paul.jackson@industryhub.co,$2b$12$89ddad1a523752a5ebf398dc6c2a3714f272912bc4c698c70e3ba,manufacturer,22,2023-10-04 13:18:56+00
61,rachel.green@protonmail.com,$2b$12$db054cd764774df000aa52d71f6f3cbdcf137e423cd6a5bdfd03b,manufacturer,32,2024-02-29 04:57:27+00
62,michael.garcia@gmail.com,$2b$12$38af2251c5a55850b5a2038700fe980665721191647fcd6b411e5,manufacturer,18,2022-05-26 23:20:50+00
63,james.perez@yahoo.com,$2b$12$cff1b1f94ba89d27112c5bfb62f9e9e3acd19da2650b52aa2e239,manufacturer,17,2023-05-27 00:25:31+00
64,jeffrey.scott@outlook.com,$2b$12$b8c4eff1805d1a9a12f79460f682e329c81b3f71fdcc7989ce2a6,manufacturer,1,2022-12-23 13:55:16+00
65,elizabeth.hall@fabrixmfg.com,$2b$12$7b2c1ad05b72a6a70bb1c88bff852db6a5c66b86237c08ea6f209,logistics,24,2023-04-15 02:40:23+00
66,laura.rodriguez@shipco.com,$2b$12$7376e6c5deaba172bc50dd1030f9a12c5f7b2b52e48a058b8c00b,manufacturer,3,2025-01-25 16:11:24+00
67,anthony.baker@northwind-mfg.com,$2b$12$60610450a4bcce3356acfe9ff8708c5a676d85ff39abb880fedfb,logistics,23,2025-06-25 13:41:39+00
68,samantha.mitchell@fabrixmfg.com,$2b$12$8c7a27d806641f7520e550de08dfab408e213990fba8971912113,admin,,2023-05-29 21:00:35+00
69,daniel.clark@shipco.com,$2b$12$5d41d0753165a54f1f5abffeaae1fbf35f3353b742af94e4a3038,manufacturer,22,2025-07-12 03:33:30+00
70,debra.mitchell@yahoo.com,$2b$12$1cb07f3f8b06355fdd4e635c4c1a0dd96b0424f8a59a53b1217e9,manufacturer,11,2022-12-11 20:11:38+00
71,edward.williams@protonmail.com,$2b$12$f1338252c77e10b62c3c2fbec167d3642fc3ef94ebe477264ba25,logistics,13,2025-12-10 02:41:49+00
72,brian.martin@protonmail.com,$2b$12$cf39e745f43261fcf7a5b3686340bbb3d4e04f9030205cb0d06da,logistics,15,2023-12-03 14:23:05+00
73,patricia.nelson@northwind-mfg.com,$2b$12$fe1bffcaa52218309fcb120900b40c8005c2a712434e16529f438,manufacturer,18,2022-08-13 16:23:11+00
74,emily.thompson@gmail.com,$2b$12$8ab1cb45d100a7ee29b1a8aaacf270b8515bc9fde203db924ccb0,logistics,35,2024-11-03 20:19:25+00
75,patricia.davis@cargolinx.com,$2b$12$a49f787613c2fcf28cab6f24c3444c0ef90fbf0513870767f0c1b,manufacturer,17,2022-05-08 20:39:48+00
76,susan.hill@portside-logistics.com,$2b$12$905a4b3320dbe510f4ff7f9762775268ab798ddaea3aae3c7594e,manufacturer,21,2025-09-26 19:53:11+00
77,emma.allen@logitrack.io,$2b$12$7b5518f4e0d0e0cb4a3e6d8e64cbc3ebdcfb508aca2ecb8305630,manufacturer,37,2023-08-23 13:18:02+00
78,steven.williams@outlook.com,$2b$12$3b5c69b9c1d747803138618323d485b3852f43add6f388c25e15d,manufacturer,34,2026-08-09 21:53:26+00
79,rachel.campbell@outlook.com,$2b$12$7b333bd55795d338b8f3c887fc623f683f1655996c4f3e2e7bffe,logistics,13,2025-02-14 14:19:17+00
80,laura.jones@gmail.com,$2b$12$1de447a70618672815e26f680bc6b26306f13ca8fdda601ed4116,admin,8,2024-07-31 01:39:05+00
81,nicholas.martin@gmail.com,$2b$12$e385a988c2aa98a66a27a6e4d45152b1e7c647bfff7175fe54892,manufacturer,26,2024-07-16 13:38:58+00
82,stephen.rodriguez@northwind-mfg.com,$2b$12$363f05e07282842ed74109d1879102252cacc1ac2a8c79c5fe49a,manufacturer,25,2023-07-04 16:25:08+00
83,brandon.torres@cargolinx.com,$2b$12$077d37eeb48b77582f25839d9bae7189c9cc15082c6ca45615ce7,manufacturer,1,2024-08-11 02:33:31+00
84,andrew.wilson@portside-logistics.com,$2b$12$ab34d1937cd87d3104f6a783dc55a8b062af2f8320d59aba926bc,logistics,39,2024-10-07 04:38:39+00
85,kathleen.lewis@assemblynow.com,$2b$12$ff08c425dacbac713970d730e29c40a39b6cb95dc8ac52416dd58,logistics,33,2026-01-19 03:19:08+00
86,nancy.nelson@logitrack.io,$2b$12$122fd0c6bb20fb38befe042ba05d9884e03293b3eec62e3d0f471,manufacturer,40,2024-11-16 09:26:53+00
87,barbara.carter@northwind-mfg.com,$2b$12$4b7de4309fd10b5086dd43a80747dc85c5ee21a60e79732bbd7fb,logistics,15,2023-09-20 16:12:14+00
88,charles.johnson@shipco.com,$2b$12$bcb7c38bea84570153557f6cd45bcc605d805496f78c88082d95c,manufacturer,31,2022-08-24 06:27:59+00
89,ryan.clark@gmail.com,$2b$12$8512afe041ed33f6e831379473fad48c017b19d47f008e17778cd,logistics,25,2026-03-25 23:26:01+00
90,rebecca.thomas@fabrixmfg.com,$2b$12$1d587ce86575e80d778a1f194b77e75ba2ba726866c1312f7df98,logistics,1,2022-12-07 03:43:29+00
91,jason.anderson@fabrixmfg.com,$2b$12$743e367e10ec16304e54307af05fddf40a9b794d8d4543b847b8e,logistics,34,2025-12-23 07:21:01+00
92,michael.scott@northwind-mfg.com,$2b$12$2d5214ceda0c3850a4d25149534a3da92add894d0ddc8019e4f79,admin,,2023-02-28 06:29:02+00
93,kathleen.nelson@freightbridge.io,$2b$12$37e6f7e84db6f7a9f8b051cb5becb0914dc38ea7125ad5023585a,admin,29,2026-04-27 06:59:16+00
94,jason.scott@assemblynow.com,$2b$12$9bfeaa38a79465946cd32851c2d3c9acc9c6e83e40add0c223acc,logistics,31,2025-11-08 07:38:01+00
95,kimberly.carter@northwind-mfg.com,$2b$12$b20e29e8da212c8024930b65695275d6224808c078eee0934b8fe,logistics,18,2026-06-17 14:55:53+00
96,gary.green@northwind-mfg.com,$2b$12$2bd19bd0f7286d28f44bdd964fa10f0a6e597358cef8fe1737778,manufacturer,5,2024-06-15 17:26:07+00
97,donald.moore@steelworks-inc.com,$2b$12$7d568b8e023d4548c264e29f5d6c3bcc377edeaf0df5f6350b23d,manufacturer,35,2022-09-17 08:18:20+00
98,sarah.martinez@northwind-mfg.com,$2b$12$fff42ac08ec3530c869eee04253add4b63222c29632bfadfb38bb,manufacturer,10,2023-11-05 17:28:58+00
99,william.clark@portside-logistics.com,$2b$12$a3baa3c5a8dc49f97f4c1ad6e901e5ce432d9cf96e4b8aec14398,manufacturer,30,2025-07-24 18:22:26+00
100,linda.wilson@protonmail.com,$2b$12$af3c6c63dd1b6ee5d6bf7fb5b6f98c4c05efde13787aa35693c6e,manufacturer,38,2022-03-11 16:24:28+00
101,pamela.harris@assemblynow.com,$2b$12$1d9ccaeba8a5fe3af388648cb38b034ac386108316a0384184b91,manufacturer,23,2024-07-25 18:10:23+00
102,stephanie.clark@freightbridge.io,$2b$12$f50190370918afb9e0f8f6e6c843535fb3c1a2940686be66a37ca,logistics,35,2023-11-26 04:33:24+00
103,gary.anderson@cargolinx.com,$2b$12$a80c883432168e09da3ff4af69ee5836b327ae2237e3cbf931645,manufacturer,2,2025-05-02 03:17:40+00
104,amanda.nelson@gmail.com,$2b$12$07bb4d7da46056244a61e05096ac266f99dcb5f98af19e2368c3f,logistics,11,2026-01-01 03:08:07+00
105,thomas.flores@freightbridge.io,$2b$12$816babd0d9c17f0cdcac1c0dc661f9e5c22393112d0f422e9d4a9,manufacturer,26,2022-04-04 04:52:31+00
106,david.adams@portside-logistics.com,$2b$12$3f362ddc635aebbef189e966550c674705585fd7930cf74310f4e,manufacturer,30,2023-07-28 14:41:54+00
107,michael.taylor@portside-logistics.com,$2b$12$397bec0024280f85f3a72a3ef6431f82b073ebd0031a6edcd21b9,manufacturer,30,2024-10-21 11:23:23+00
108,amanda.carter@portside-logistics.com,$2b$12$2648404684b672b641d12250528652fcbe1ac5123324ad3f45c08,manufacturer,27,2024-03-03 18:43:42+00
109,david.walker@shipco.com,$2b$12$e8bb7f3a15fe3e9781f6c4fcb57cb0d45c877a7cab9754112c2c6,logistics,4,2025-01-01 06:56:04+00
110,mark.adams@logitrack.io,$2b$12$de42b7c3245b8afb801ac2a6f40b808e4eb225607c52da5804472,logistics,3,2022-04-16 09:45:51+00
111,ashley.gonzalez@protonmail.com,$2b$12$ece50b226d769d34bfa5421efe6f8151d932b5bc2080b0dbd78b5,manufacturer,10,2024-01-21 03:12:00+00
112,thomas.walker@gmail.com,$2b$12$46fa4b20c421056d9b0973aa40cabde56757ad88ef88ece301a58,manufacturer,14,2025-12-24 19:26:49+00
113,catherine.taylor@yahoo.com,$2b$12$abaf619976293baf2726e2f8e43a409e79060ff5340c08575c56e,manufacturer,39,2022-12-31 20:11:22+00
114,christopher.martin@logitrack.io,$2b$12$d13ba2658bab7e440639b3ca118529db4caca7f5aaddd06d20e6e,logistics,20,2025-03-21 00:54:54+00
115,ronald.rivera@northwind-mfg.com,$2b$12$18cf4d3f2c399e55b4e42f4cca3e314b1374845b9c1ec6061cc65,manufacturer,16,2022-11-22 14:18:42+00
116,catherine.roberts@cargolinx.com,$2b$12$dd13197acffa6f1dd76fa6ece7a2fbdfd493cf64b2d74a8f44e19,logistics,39,2023-01-21 02:31:10+00
117,larry.williams@steelworks-inc.com,$2b$12$bf32ad50576d74b9f5dbfd72f15cabbfbcb806c8d44da6724fd33,logistics,24,2022-08-12 05:47:12+00
118,nicholas.adams@steelworks-inc.com,$2b$12$3bc8893db7389acd8388e18c79a1971994b36c74d79d815322466,manufacturer,27,2026-03-13 00:05:18+00
119,susan.ramirez@steelworks-inc.com,$2b$12$3c87b4e82f71bf0b4559462bdf1d170db32dcecb0d119d0f720e0,logistics,30,2023-04-30 07:50:48+00
120,laura.lopez@outlook.com,$2b$12$02f36a918baa6f9d539381b05ca7c933e088233c7951968bf79f4,logistics,18,2026-08-09 01:04:49+00
121,amy.robinson@portside-logistics.com,$2b$12$760bdb1b95d1b42b69709ed91af7960e5b3e74638d9903f9b60c2,logistics,38,2024-04-22 21:01:19+00
122,carol.thomas@protonmail.com,$2b$12$dfe9e642b7513a5e1f9cce79e2d25ca04a5b880095a5e13acf131,admin,29,2024-02-06 15:46:32+00
123,kathleen.torres@industryhub.co,$2b$12$ab038d2bcd885a9a18b21e030dd67a9122c1cc9088108cef4091a,logistics,22,2022-04-09 04:01:36+00
124,shirley.lee@fabrixmfg.com,$2b$12$996cf5835dfca244a345d5dd0e7f53c38e0b32fd24bd34195950e,logistics,23,2024-03-22 16:09:07+00
125,amanda.moore@industryhub.co,$2b$12$9c156c0d9a195dc51971d960e8ff05fdb06ac9c9c79317e51c34c,logistics,18,2022-02-10 12:55:18+00
126,eric.gonzalez@logitrack.io,$2b$12$640dd708f403d5badc9f8cf9a6db1b857888559893780d1069e77,manufacturer,27,2026-03-07 23:00:17+00
127,brenda.carter@northwind-mfg.com,$2b$12$58b8ada81a35fb03d42a505a71fe146bd8daa5a744f18a0067a25,logistics,32,2025-11-02 10:18:58+00
128,john.garcia@cargolinx.com,$2b$12$390dfab0f79796403abd9c478cdf3f9cc27f2519de16ad2681d0e,manufacturer,16,2024-08-18 08:22:35+00
129,frank.nguyen@steelworks-inc.com,$2b$12$4a841d32d26c8b3cbe8e4ac4274b97646957388c80b19f0092195,logistics,34,2024-12-13 00:24:32+00
130,jason.mitchell@freightbridge.io,$2b$12$5de71ad4a0262ad410995f5bf43fd86fb1c8271ad4c7797c19c70,manufacturer,30,2024-04-30 16:59:34+00
131,michelle.taylor@northwind-mfg.com,$2b$12$cc4cae91efe850f9d289191b5296f93a78a06d31a84232c7a3342,manufacturer,13,2024-09-16 08:57:36+00
132,jessica.mitchell@freightbridge.io,$2b$12$56f303da2a8d1f96f7cb3a199b2cc344abb795df4116a249131ec,admin,13,2023-11-13 06:48:29+00
133,amy.moore@outlook.com,$2b$12$e02a1a83f7069e275dbe4f9f5ef284a18cbacd32aa5222cf75ed7,logistics,34,2024-06-07 05:54:44+00
134,richard.gonzalez@cargolinx.com,$2b$12$2f2923371c0a29e71455efda3a12c277071c7d469c9e6204f1893,manufacturer,12,2024-08-06 02:42:19+00
135,mary.rivera@freightbridge.io,$2b$12$67d14b86ce95d27404917345b48b83c2c74e7502725cfff5795da,manufacturer,3,2022-06-28 09:45:16+00
136,stephen.jackson@outlook.com,$2b$12$798ff02519f4236228462aa44611bde53a8f485957b7b82e749bd,admin,32,2022-11-24 17:29:20+00
137,mary.torres@cargolinx.com,$2b$12$db54e18044baea2997d6c8e578d31382972eb77237ce104f49c60,logistics,29,2024-12-03 12:52:33+00
138,lisa.brown@cargolinx.com,$2b$12$8ed6304a0cc7a006e122648224f382d684c4c3d40cb9c52fb5432,admin,5,2025-06-07 22:54:44+00
139,gary.jones@industryhub.co,$2b$12$22fff51e211e1b9cd022da50854899f4e3b284d671577ae3a602f,logistics,4,2023-04-26 09:35:09+00
140,karen.torres@cargolinx.com,$2b$12$e3069e605a86a59f89bec34f92eb28f8f5c28d72457b5b54dc657,manufacturer,16,2023-01-13 00:23:19+00
141,brenda.carter@portside-logistics.com,$2b$12$ffd2c353ca5f567cd7da13e1e88da6ae1888c5fe9a83de3b71f61,logistics,40,2023-12-12 04:27:08+00
142,eric.harris@assemblynow.com,$2b$12$16e7edca94522d540aec6b7902781420b97f7f7e77abd1374bb97,admin,38,2025-09-03 07:52:12+00
143,michelle.torres@industryhub.co,$2b$12$196647f97025a1e34171ae9a42a91d4dffb5ff29c606b07bd6f18,manufacturer,7,2023-10-17 13:47:20+00
144,benjamin.wilson@cargolinx.com,$2b$12$34d23af503c770f172e91d82e7d15f52872c8b5622991858ae961,logistics,11,2024-01-25 05:38:38+00
145,daniel.scott@logitrack.io,$2b$12$6695525bead73f9844bf2d9532899d5fa6dfd9151e6ad05006eb4,manufacturer,27,2025-11-09 15:59:26+00
146,raymond.hill@assemblynow.com,$2b$12$28b02d326582d82051e95e94960c882cb2fdddafe17f83c6c7496,manufacturer,15,2024-06-23 02:39:26+00
147,andrew.hall@protonmail.com,$2b$12$c23dd12708e78aaf881731a56c8d850f63f4a078d66c70d6ca248,logistics,15,2024-04-10 22:37:21+00
148,benjamin.nguyen@gmail.com,$2b$12$2a479d567b0c70e91a9fb7920df9f0bf984a7752748e141073c12,logistics,13,2025-08-22 20:39:33+00
149,joseph.wright@northwind-mfg.com,$2b$12$e5c716c4ded3a5d1219eb93a24156cc25278e4df740c32ebf1f56,logistics,18,2023-03-27 21:54:22+00
150,elizabeth.brown@fabrixmfg.com,$2b$12$57ccc2c35c0c71409f3de3ed7e577d67692f28f4901dcf61875d7,logistics,39,2024-06-24 16:21:55+00
151,jeffrey.davis@assemblynow.com,$2b$12$eea17403f9a46b1ebe79889d1207ac127e277b2dd05b35e2e6aea,logistics,26,2024-05-04 20:08:50+00
152,nicholas.wright@assemblynow.com,$2b$12$033a295fad3bf934df0a6fafb8805fdf20952f20c1518996bdb99,manufacturer,39,2022-05-13 20:14:07+00
153,laura.mitchell@steelworks-inc.com,$2b$12$d5b0519869561f9a9861ef966145e9191b3886421ebed8f6a1e52,logistics,2,2022-10-20 17:49:34+00
154,sandra.baker@protonmail.com,$2b$12$5206a0989338558db39edc1e5fd97413d07895da39ff855cd58f3,logistics,38,2022-03-15 10:53:35+00
155,gregory.moore@industryhub.co,$2b$12$9bdedeb53fe06be4745157fa528ec37b57f26297e496a2f8d1ca1,manufacturer,12,2026-01-10 19:05:02+00
156,eric.adams@assemblynow.com,$2b$12$4a7caa361f35eb8a3e63c567e8063e0333fdf64f9ba9b40208022,admin,,2025-09-25 05:56:24+00
157,katherine.young@logitrack.io,$2b$12$07d0d5bde3fe18d947255fee1bae74148b83672185d65fd98ebde,logistics,27,2024-11-10 13:16:31+00
158,carol.nelson@logitrack.io,$2b$12$81d7053cac7bd2ed6cfdd2344644419b8e492214f318d63fb23ea,logistics,22,2025-07-11 22:28:57+00
159,raymond.young@cargolinx.com,$2b$12$826c9201dded24c2594224748aefabc370defc89f69c6590bf692,logistics,26,2022-05-04 00:20:11+00
160,ryan.garcia@steelworks-inc.com,$2b$12$06104065d709fd3f029cb28e32ba881972424a06192fafe179b2f,manufacturer,8,2025-06-18 17:28:35+00
161,angela.smith@gmail.com,$2b$12$c7970342b31ca18b73fa80c868a5d87ba572ab770b4a3fd8739fc,logistics,30,2025-07-16 21:58:21+00
162,michael.gonzalez@freightbridge.io,$2b$12$391dea0ec0482bd8f6c2d7118fef48007f428a7dfec30a7328e15,manufacturer,32,2025-10-14 08:57:44+00
163,michael.wilson@cargolinx.com,$2b$12$0d2134bd2e44ffdf2bcb690cdb49325998000d97cb4562f35585d,logistics,19,2025-10-02 04:18:12+00
164,catherine.young@logitrack.io,$2b$12$5c5d0c681df43be6da31c390086f31f11af1e2614e498e9c47352,manufacturer,39,2024-01-23 11:18:43+00
165,christopher.martin@freightbridge.io,$2b$12$618d8e817f00fbf3764a09ca865dbd3546137036ad733a8b81d44,manufacturer,27,2022-10-26 14:10:55+00
166,mark.davis@assemblynow.com,$2b$12$cdf6d77541263163868b11227605b4a54ffc8480a859f315dcda3,admin,10,2026-04-07 09:34:15+00
167,donna.allen@outlook.com,$2b$12$5d007511374300c877b8013851a382f8b11721e9b6cba04e3288d,manufacturer,31,2026-01-16 03:15:32+00
168,ashley.robinson@freightbridge.io,$2b$12$a791e58ebc4ef273dc1c636d49e83592404a2616001d760355d51,manufacturer,13,2026-05-08 01:11:15+00
169,sarah.jones@cargolinx.com,$2b$12$f2e18211c948db8c7e7f29ee6d6774fb248b088c65387e543220d,logistics,27,2024-11-30 22:56:04+00
170,nicholas.moore@protonmail.com,$2b$12$ef5a660ee72aa3387344a403720cbb5d0bc7ded6e6649441d6941,manufacturer,20,2026-03-11 06:13:48+00
171,karen.lewis@freightbridge.io,$2b$12$e5936d70a8e770f8828ffb720721c5821d4f45c2724f6ed0e30aa,logistics,22,2026-08-25 09:04:57+00
172,edward.robinson@steelworks-inc.com,$2b$12$9a845071a722915418b82cee21a1b062f27bc7a41416e9191208a,logistics,16,2025-04-13 20:22:34+00
173,sandra.roberts@portside-logistics.com,$2b$12$bb57172a0566d6043a3392da0705588fa6d69f98ded33f0246684,manufacturer,31,2025-04-08 10:39:17+00
174,stephanie.nelson@yahoo.com,$2b$12$04eda2429d8ad161b94ad079511f7a43bb979afab59a05c1a8675,logistics,10,2026-03-28 22:22:50+00
175,robert.rodriguez@freightbridge.io,$2b$12$1d26e387896bb83bed142c95337a766d28f4154b59bd1d1fac950,admin,7,2025-10-08 23:36:38+00
176,richard.king@assemblynow.com,$2b$12$c60d33240fab6fadeca40fd7597759298653c2688f1b8269337af,manufacturer,10,2025-07-06 18:13:16+00
177,christine.martinez@logitrack.io,$2b$12$769095102e3407c1723f3632e4f9bd4c7d995960382d82976dc30,logistics,17,2024-11-26 20:57:19+00
178,samantha.hall@portside-logistics.com,$2b$12$98b932d208cb21e1f4ae91bdd9f52a10e88b050b495615f3afeba,logistics,22,2026-07-25 21:45:49+00
179,edward.lee@gmail.com,$2b$12$8e953bae94caf9179cd89b0a26b7001675223330c8058231be132,logistics,32,2026-08-17 21:04:40+00
180,robert.flores@logitrack.io,$2b$12$db0bbd711a98f836a4d17ac0872b3b0c766cff45c1c65537edc8c,manufacturer,19,2023-12-17 18:36:23+00
181,barbara.ramirez@logitrack.io,$2b$12$a89b1d4075e4fa1128ef377c3e1fb9ddf83fe7b086fa6549ea0d4,logistics,7,2025-10-19 11:04:14+00
182,nancy.hall@cargolinx.com,$2b$12$7784b0f7f17d04e96c1a329d485ab81e931aaad5ee7dcbc0f888b,admin,,2022-07-03 08:33:10+00
183,donna.thompson@steelworks-inc.com,$2b$12$6616d4563d41d19c9dcdeb80ff7743db0fe3e3e82c1eaa303035f,manufacturer,16,2026-07-18 06:37:53+00
184,timothy.torres@gmail.com,$2b$12$c32441627ffdb34d3963c4924b6bddec2b2c207d96fcbfc1e0bac,logistics,11,2023-07-07 22:07:02+00
185,david.flores@protonmail.com,$2b$12$d73560126497f6a85db015871e7fba5a168926092749f5c71a876,manufacturer,16,2026-04-05 04:45:34+00
186,justin.martinez@northwind-mfg.com,$2b$12$01572000edfce4b6726e4b2bc7607d83f25e0fe77f1638451b19b,logistics,17,2025-12-07 20:03:36+00
187,steven.nelson@shipco.com,$2b$12$9a2b90143d4b75ca52887fc723eea4611299619d0543ac6a19404,logistics,30,2024-06-21 15:22:16+00
188,gregory.wright@fabrixmfg.com,$2b$12$6cfc3b00a22e1ab787de5b3cd27c446d002ddafc8072ca50868d5,manufacturer,23,2024-07-27 10:33:26+00
189,katherine.ramirez@outlook.com,$2b$12$aee54370d03647a890ae72503aa70cf1a7f8732fc9ee10b7dd321,manufacturer,20,2023-09-20 22:41:45+00
190,stephanie.walker@logitrack.io,$2b$12$a8a7c98156bfde2d2dbf6f08e7d709c5f80f0111067d82189b45c,manufacturer,37,2025-01-29 05:56:05+00
191,pamela.jackson@outlook.com,$2b$12$9060f728b97ec8cc039466613fddb06c4e19a772d1463fe51a0d9,manufacturer,26,2024-05-11 18:44:27+00
192,mary.torres@protonmail.com,$2b$12$c371d8de78400f8d670700982c403946fa2e1f06598de0c8b6dfd,logistics,4,2026-04-02 06:40:15+00
193,andrew.roberts@yahoo.com,$2b$12$8d441a3fa5e27fdadedc0c20e5ccc1ade5dc1caffdd527c3db2bc,manufacturer,23,2023-11-21 10:09:42+00
194,katherine.gonzalez@industryhub.co,$2b$12$9366a107e01e6367a8f51c9e26c18f162c607c5cf2d20bc172168,manufacturer,9,2022-11-07 21:04:03+00
195,benjamin.adams@shipco.com,$2b$12$5a598b8a5325276e0c77be62d033a7cdb8f955b042cdc54622e20,manufacturer,29,2022-04-23 15:50:22+00
196,justin.white@outlook.com,$2b$12$9e30c7a3245bc513e46dd4bcdb0a8254c238c1d686a23e0e733ed,manufacturer,19,2024-10-21 01:56:37+00
197,sharon.lopez@northwind-mfg.com,$2b$12$d8d4ff40991f859351a065b49e4c8268ed83fb606edc4ff2e295b,manufacturer,35,2025-02-19 16:18:53+00
198,helen.allen@cargolinx.com,$2b$12$df9fd615d214698b1f3ef75f7482a3fa70628bceb51b6fe58cef5,logistics,17,2026-02-15 01:10:41+00
199,donna.mitchell@protonmail.com,$2b$12$97086823efc3e3a3bdc39b2b956c89bda563213a8a8514aa398ee,manufacturer,8,2026-01-04 01:19:08+00
200,elizabeth.martinez@yahoo.com,$2b$12$8f350584924a2aea90dcd928fa097847bf9f14ff79985db95a087,admin,26,2025-02-19 10:09:53+00
201,barbara.sanchez@shipco.com,$2b$12$83c088e8158877efa35aef32ac57ce95a3076f665c90a8cf03787,manufacturer,8,2025-11-22 23:18:15+00
202,deborah.baker@outlook.com,$2b$12$8cd7d8eda3d25532739be5e15bde7c69cdcfd291685acbbf62c20,logistics,38,2025-04-07 19:19:12+00
203,katherine.white@logitrack.io,$2b$12$8e539ca36661b01d2bd26a10be0e5175f56e48a931864054e3721,logistics,31,2022-03-28 17:58:22+00
204,samantha.scott@steelworks-inc.com,$2b$12$2c857d557bbf08e805ce157686e86dfdc44b9e62800741c0c1018,admin,,2022-07-25 09:48:14+00
205,katherine.robinson@outlook.com,$2b$12$776f54e602e4352b210acdf04ec7733a2cda2efd506db85fcdd45,manufacturer,27,2023-01-07 11:59:18+00
206,sarah.williams@shipco.com,$2b$12$9efd7fb092f43d553d4f3bf45d0043b9c0afda01e6a332ffcc999,manufacturer,32,2023-01-05 18:34:14+00
207,richard.thomas@freightbridge.io,$2b$12$598c399b94f6ae6f0dff0e517d9a3604a348faeee2650e70879c1,manufacturer,30,2025-03-07 16:37:25+00
208,debra.mitchell@outlook.com,$2b$12$032792c23ee6628af6f7ecdee6d9c84499d1b21c073bffd17bd7e,admin,10,2025-07-22 00:01:57+00
209,christine.miller@protonmail.com,$2b$12$e2fe8a85402502708a8b79b159d28973e6c56199d8d7609d2b8a8,logistics,27,2024-05-28 02:56:13+00
210,robert.hall@steelworks-inc.com,$2b$12$e3fca254b5712c31bddf72b93d496293bc1a067e59e251d96fd89,manufacturer,29,2024-01-13 13:50:03+00
211,george.miller@gmail.com,$2b$12$4539e16f383ee65a6057cc183fc3d00a25fca9f53efac9bbf0057,manufacturer,23,2022-07-17 02:56:31+00
212,ronald.moore@northwind-mfg.com,$2b$12$dad4bf56c455f4edcc82fbce81e2578debb9bf5f9232c4924d3b5,admin,30,2022-10-21 19:39:56+00
213,frank.wilson@gmail.com,$2b$12$8539ffbe83fc2a04a1fd3bf24d7ef29be1897be62f49fbabd3c79,logistics,2,2022-06-16 03:24:25+00
214,kevin.thomas@fabrixmfg.com,$2b$12$bb7193409018f6fc372e183ae00e2edeb06f659bf5a9228973f40,logistics,14,2022-08-11 03:56:37+00
215,stephen.wilson@industryhub.co,$2b$12$f1682d13212a433b23df8bca51d2d459fb263f6f51c7d48f789f2,manufacturer,15,2024-10-26 19:10:32+00
216,charles.hill@shipco.com,$2b$12$87ca3817ba7efbd06ebb5add60a93f49589ec953b3d5efb9016e1,manufacturer,10,2023-02-17 20:54:57+00
217,anna.taylor@yahoo.com,$2b$12$3624b42c3fb4f68db26107e04cda65181c245a5f41114ca271bdf,manufacturer,2,2023-02-23 11:57:40+00
218,mary.thompson@yahoo.com,$2b$12$556075eda4b53b67cb5e25f07ddcbe4734363787f11eeece6e149,logistics,38,2024-10-11 22:09:01+00
219,john.lopez@cargolinx.com,$2b$12$782abddc0a6c6f306d5f5b3144cd00e329914171d2089206ef431,manufacturer,27,2026-07-02 11:46:48+00
220,joseph.mitchell@logitrack.io,$2b$12$e9d5e5a576aa0c04f74a3557db5fe4a19b1c26a3369da4ad51b80,logistics,24,2026-05-23 13:47:44+00
221,nicole.miller@assemblynow.com,$2b$12$5fbde94bf1633b36d7d3f050f659cbfd6b2b1c3075109e99ce380,logistics,40,2022-05-24 17:31:52+00
222,frank.king@cargolinx.com,$2b$12$1771c4d86c2e218c9ff59a2f5cd75ef8eea2c8702f29a9567f78e,logistics,2,2022-07-17 23:28:14+00
223,amy.sanchez@portside-logistics.com,$2b$12$326a5e5d4347aec8c598abb4c2aa4f3a9175b9de0f71da1e6e185,logistics,32,2025-10-19 02:24:16+00
224,elizabeth.garcia@steelworks-inc.com,$2b$12$92beb815239bdde483b5eaba672a04ba44d0517dcbb4009de9d79,logistics,5,2023-02-06 01:31:36+00
225,emily.flores@gmail.com,$2b$12$a6a8d7fcb4029518dd471822b45d9e084836fa07759f9465fbc0d,logistics,21,2025-04-07 10:17:24+00
226,scott.king@cargolinx.com,$2b$12$4767f03fd2abc344e732dc29b89e39769e196518774dcca114f2d,logistics,39,2025-09-07 13:59:12+00
227,richard.hall@logitrack.io,$2b$12$0d44fa2e7e75cd1d1f1ad8e446b26df70658fe0716b6de0a7fea9,logistics,36,2023-11-09 01:16:54+00
228,laura.lewis@northwind-mfg.com,$2b$12$b0b5777cd0acdca5106ebe1d035cd5c738d362cdb2be70c688ef0,manufacturer,30,2025-06-01 19:28:38+00
229,sharon.campbell@logitrack.io,$2b$12$eb3f642ff9ba75b4e8657715f0a04dd5046928377f4cc91dd38de,manufacturer,21,2024-03-11 21:57:38+00
230,deborah.martinez@gmail.com,$2b$12$79e34f4335de29450a91a2dc4aa8643ed1d550681524f867ef9ad,admin,,2022-10-02 05:13:41+00
231,barbara.ramirez2@logitrack.io,$2b$12$3086d3a8c4d9a327f87494a65945b50573fc9521fde5ee38f5e48,logistics,24,2023-02-18 06:06:41+00
232,brenda.brown@industryhub.co,$2b$12$4fe58185cc5451f76fe900feb66201d5da5c96bce888692b7661d,admin,8,2025-07-09 08:06:43+00
233,melissa.nelson@yahoo.com,$2b$12$f38957fa9a97142600840478f7beb3ae75e15f8a658e6e22c3b09,manufacturer,4,2024-06-21 15:12:10+00
234,scott.martin@steelworks-inc.com,$2b$12$84dfd4564692caa2a12f6c2f429c0f975dad84c8289f84333c589,manufacturer,33,2023-11-01 22:57:18+00
235,karen.nelson@assemblynow.com,$2b$12$166964d4ea2333d9ee9bc27a02c32079d6f4c7568c3b18c3d8b7a,manufacturer,7,2025-01-01 18:23:28+00
236,brenda.white@logitrack.io,$2b$12$dcdc32b63105e377b88143c0bfabd61bfeff936b2abb2db5b3b4e,logistics,37,2023-12-13 15:38:39+00
237,jason.scott@yahoo.com,$2b$12$ecb1102f199d4a7d2e52688f203f3ba2e6dc3c12a7eeaf920e8c8,logistics,40,2022-04-01 13:37:39+00
238,emma.nelson@protonmail.com,$2b$12$672584c389018c40530b353e3a46c7624c66b77aca0833e97e3e4,logistics,2,2023-07-24 12:47:51+00
239,paul.hall@yahoo.com,$2b$12$e4bc1a3099e41e3e2898795356be6d5cfe583a9f2793f4cfb796a,manufacturer,22,2025-01-04 14:12:13+00
240,james.lopez@protonmail.com,$2b$12$abe6a18ec43aabb014be47341f71def3aab38c701a9db1c132c05,manufacturer,26,2022-08-14 04:39:55+00
241,charles.mitchell@gmail.com,$2b$12$b05b5e0453150d92a012f5d7d8d9d75827d30016948703e6bf511,admin,,2026-07-16 03:39:22+00
242,betty.harris@portside-logistics.com,$2b$12$ac15ce44a48fdf0cbbe703dc8c505e724ee2d6c7c895363735672,logistics,11,2025-03-04 17:09:30+00
243,michelle.campbell@steelworks-inc.com,$2b$12$d9fa5ac5961c37cd401bc6376e7b62180a21c8a1ff9fcf597e922,logistics,37,2022-09-30 22:51:21+00
244,michael.martinez@fabrixmfg.com,$2b$12$a3afe7a8d80699dcf2f23ee6b9a4f551db8c6dda68c2fed6e64f9,logistics,4,2022-09-20 11:09:34+00
245,paul.lewis@gmail.com,$2b$12$764d996d411fb3603f32ab6d7b590738bd9486c8a14840dd79637,manufacturer,39,2025-10-14 09:12:12+00
246,sharon.moore@northwind-mfg.com,$2b$12$baaf3deba6ed842f63a6f9298c93c40e96b7e0d6bfdde8c6c14f0,logistics,8,2024-12-17 09:57:12+00
247,laura.davis@cargolinx.com,$2b$12$9f218922852b6ab59e1ed3fcaae38e82c8902be508191a165dbd3,logistics,38,2026-03-01 21:58:04+00
248,helen.nelson@cargolinx.com,$2b$12$fc8037b6f26ad2430193d93d2968de9c15981b414f94e7f9cae8c,manufacturer,26,2022-06-29 04:50:20+00
249,james.wilson@cargolinx.com,$2b$12$65425b29ef176e9d1a6f441c73e95679e55194a97d71ecfac2b1b,admin,17,2024-06-27 06:44:32+00
250,carol.davis@shipco.com,$2b$12$497c436f594b780511c09ef5c9b6c30a01fffc5938a3991f5b8e2,logistics,28,2023-07-09 20:45:15+00
251,thomas.harris@freightbridge.io,$2b$12$576b7c0548a32372e897dff208c2c8eca64d51db8541659997d0a,logistics,33,2025-01-14 08:37:06+00
252,elizabeth.sanchez@protonmail.com,$2b$12$eb4c5397bdb74ba34e1e99e646834919e13a270bee0a65ab6264d,logistics,28,2022-03-09 05:28:13+00
253,ryan.jones@protonmail.com,$2b$12$879affe2574fe69b2403608f3b1937709cea66529ebf4019acd34,manufacturer,28,2025-06-19 11:57:20+00
254,katherine.clark@cargolinx.com,$2b$12$b120ded0dfe596dd70954b9385028e1598c85092d9b921af0bffd,manufacturer,2,2024-10-15 00:28:15+00
255,nancy.flores@assemblynow.com,$2b$12$4442b4487dcef1346d0f97de63bd8f0dc352f994d39e75e06d4c9,logistics,24,2022-10-10 19:26:25+00
256,laura.miller@northwind-mfg.com,$2b$12$e180212ed35b1a5a75f45ca05e84bfff95b7738520349cda84a09,manufacturer,26,2026-06-25 21:28:45+00
257,david.sanchez@protonmail.com,$2b$12$4e0b319bec3c30d1e9dc1c363cb429885950590eb5578a1db6ee9,manufacturer,22,2023-11-29 09:36:36+00
258,kevin.roberts@fabrixmfg.com,$2b$12$d6fdf8f639e4e7fc359aadec3a1cad1eb2cd6978b88d6fd91fbd5,manufacturer,8,2026-07-16 12:45:47+00
259,angela.gonzalez@yahoo.com,$2b$12$246aa5d137b0384380372184441e65392618b0850e8bf303a8fbc,manufacturer,10,2024-01-14 01:28:56+00
260,susan.martinez@cargolinx.com,$2b$12$c75b2a78e17bed3112575a60d000cbe4025c20485217273877208,manufacturer,39,2023-04-29 22:47:50+00
261,christine.jones@fabrixmfg.com,$2b$12$eb6eb8c53af18352844653a90cc3c9086b83078f9a4f5664f9229,admin,30,2025-11-04 16:48:07+00
262,rachel.torres@gmail.com,$2b$12$9e9aac73d25995faeeac171979edd3695f78980f8ae5d3350f41c,logistics,40,2024-10-10 04:09:10+00
263,benjamin.lee@fabrixmfg.com,$2b$12$5a4a891fba0e5bdf70915f7db6b4c4fcd963f382a8e45fa4118a2,manufacturer,31,2025-10-14 21:25:22+00
264,benjamin.martin@yahoo.com,$2b$12$078c55a8b960a0f4c240b7b64991f8f1a94b906786e1ddec73a88,manufacturer,4,2025-01-07 10:42:50+00
265,nicholas.jones@cargolinx.com,$2b$12$32e5dc36d9d6b3ff3cc428e6cc778e604ec67dd400ee5f5accf88,logistics,3,2022-07-05 18:01:47+00
266,deborah.jackson@logitrack.io,$2b$12$36d53f7364ebed94a9aeb859aa53f76b94a23bcdf205f6bc1d744,logistics,6,2026-05-04 09:43:01+00
267,stephanie.robinson@industryhub.co,$2b$12$65a97fcc4bf550ece95da45445e409f5e35ac7461e4719e17a169,logistics,3,2025-11-07 06:34:30+00
268,pamela.adams@northwind-mfg.com,$2b$12$95441d788015de8f5020111f55cafb754ba7b9ae29890f39a451d,manufacturer,31,2026-04-16 16:39:21+00
269,karen.brown@assemblynow.com,$2b$12$c8b21aee2761702dbf86305b25ec0877588a4dbb79f617370128f,manufacturer,22,2022-09-29 00:02:08+00
270,nicholas.adams@fabrixmfg.com,$2b$12$af85c5bc3873a2ec5b55f7505b1f4b1f6307b0312d5ad8804991c,manufacturer,29,2025-10-06 05:39:49+00
271,helen.king@industryhub.co,$2b$12$495dae42cab3240b5a81d0ad66c8b97a9aea0201144b195c247a3,manufacturer,24,2024-06-06 22:04:27+00
272,stephanie.clark@yahoo.com,$2b$12$bd0c1f5b87e456e9f06a43339016fb775778812a601899f3e2f4a,manufacturer,39,2022-06-21 16:39:20+00
273,benjamin.adams@steelworks-inc.com,$2b$12$87634a76d6502b084d40e542b1a0561ac92ebb1d7c6ccfdb1e117,manufacturer,7,2025-04-25 00:18:58+00
274,andrew.taylor@outlook.com,$2b$12$6ca0ccc99d574d6d1d3bcc034fdd23f2616d92cbfb65f01fcde47,logistics,39,2023-04-22 04:38:52+00
275,kevin.garcia@industryhub.co,$2b$12$97ca8e0b8d0d9e29f20159d94809e079b3c868f2c5347b2fe8fca,logistics,23,2024-08-30 20:33:16+00
276,christine.hall@gmail.com,$2b$12$e383d9f43c10779252ea9a9995858acb8a6d60c5f31b61f8aa2ac,manufacturer,39,2022-09-30 05:06:27+00
277,michelle.scott@portside-logistics.com,$2b$12$a8e990301775771992581a640abba46913abae6325c1fce983c19,logistics,22,2023-02-11 00:59:36+00
278,debra.hall@protonmail.com,$2b$12$b4faba27c61b0971212dad7b2232a3f30455c8bea3bf099d94734,admin,34,2022-10-27 08:21:29+00
279,samuel.nelson@portside-logistics.com,$2b$12$242d93a0e21f935e6dc5ca0d1630464819a52c8c38e1c70517ae4,logistics,2,2025-02-09 13:14:30+00
280,michelle.lopez@northwind-mfg.com,$2b$12$b8ea244a2f3f3b3ab03cdeab98518151d305d36703a7eb5e7216a,manufacturer,32,2023-08-29 12:56:52+00
281,mark.rodriguez@fabrixmfg.com,$2b$12$278dda8f9328853b5ca61293edb17af9dae19235734056798b300,manufacturer,7,2026-05-06 08:05:19+00
282,anna.mitchell@freightbridge.io,$2b$12$7eee0896b746bdf877a7f5ccf38efa63ee25935ecfef087278511,manufacturer,22,2023-02-21 03:43:29+00
283,scott.harris@fabrixmfg.com,$2b$12$937a71dbedcbf52dda0f17c27e6dac7d3963f683108899c59ac1f,manufacturer,40,2023-06-08 07:29:41+00
284,jeffrey.williams@portside-logistics.com,$2b$12$24160217d412b320d72fd18a00f1f19405a5a9841db73674650ac,manufacturer,16,2025-10-21 01:51:22+00
285,brandon.jackson@yahoo.com,$2b$12$c0031eb2026bd0a3d2fc1fedaba77f8881878d32b3bc6348401a6,logistics,29,2024-01-07 00:31:27+00
286,jonathan.thomas@cargolinx.com,$2b$12$329683ac831f659fb460163206386be0a6707935bd053c78ee9ce,admin,13,2025-02-25 20:12:34+00
287,gregory.torres@assemblynow.com,$2b$12$fe07b3bb5553bc1108383c76647e909cd4245c27769dc8d71c526,logistics,19,2025-04-10 10:28:21+00
288,nicholas.king@portside-logistics.com,$2b$12$621570c006535755ae848cc5cfcb9b914bc44bcdc96d8afe9e9cc,admin,39,2023-03-15 23:44:32+00
289,steven.brown@gmail.com,$2b$12$7e45acd1e44ab52eb37929eb88f0db11615c699db35d62c9ab0a8,logistics,24,2022-11-24 17:38:40+00
290,eric.davis@cargolinx.com,$2b$12$726326062eff4b9c0bad853dc076d63434f1d899477e0434a893b,manufacturer,11,2024-05-06 12:47:36+00
291,cynthia.allen@fabrixmfg.com,$2b$12$d357c04cd3337ed9ede51ed910b44fa1c8ed24bfbde7eb2fb6299,logistics,6,2023-11-30 20:21:13+00
292,cynthia.thompson@shipco.com,$2b$12$3036c325332af02fb23410ce9d8e4fa6f51d59d3824eba6663058,manufacturer,26,2026-04-18 16:21:48+00
293,deborah.thomas@portside-logistics.com,$2b$12$8a0a0d105628ff0c7037a0ea9081b9786aeff33951c46d22c90a7,admin,2,2024-09-26 02:51:58+00
294,richard.rivera@gmail.com,$2b$12$74e7b4e2b580a257df4ac655a127d7d10e798d3c873f25fcc4394,manufacturer,10,2023-03-13 12:10:09+00
295,robert.jackson@protonmail.com,$2b$12$bea7cb1d1647a24509bba1ff3563cdb56cabcd274b2a42150179c,logistics,9,2026-01-06 11:23:11+00
296,cynthia.flores@shipco.com,$2b$12$84d1338a3d03b9b94584a95d253ae636b049398e50f78edba25a6,admin,,2023-11-11 00:22:58+00
297,karen.scott@outlook.com,$2b$12$b87e8ea25c60d4858d625c9c9dac397ee2adfcb2074122b4e363c,logistics,28,2022-12-21 10:41:35+00
298,andrew.thomas@cargolinx.com,$2b$12$e817ac139fab0054478cb92ba34d658d6d71070f090ffd80b0e2f,manufacturer,16,2025-08-06 08:27:40+00
299,katherine.flores@assemblynow.com,$2b$12$7330b6c2e32ae8abf6b3137a33858b01ef5480a1c632a5f0b22f8,manufacturer,32,2026-08-02 11:04:03+00
300,john.green@freightbridge.io,$2b$12$33b9194c8beb226d8ca03292be7e3c25446e8c88baef4e9c9b4cb,logistics,10,2024-07-02 22:48:48+00
