id,product_unit_id,result,ip_hash,user_agent_hash,created_at
1,82,success,f5b73c244f2c7f90da119cd5d5ebca35550f125a27936efde9a123932587b89c,ff431625483a89f24940504ef3aea91fee5af098ee921486eef922b2ace1c343,2025-01-01T08:27:00+00:00
2,87,failed,68fca94fd75d6cd1e7b49cbaa9689cb2906150c3f1e2fc9dbc48027bc0a28e10,726c1edb2893744a0ae3173c01e21b06e4f145ca2692283b6dd4737f427d5211,2025-01-01T08:51:00+00:00
3,28,success,9ff9338fa6acff0a518b97d951dc763f1eb0c89d0b8fd215f99fb76ea38c26b2,11c229eb81cf7e4fb439898266da372925a2bfbd63c2276b92996371021b15c0,2025-01-01T11:51:00+00:00
4,70,success,0dddf9437bfdb1f3bb521d170e95c6da5a42220acf3710cf37d411b9bd65d751,6ace6919479fa43137c1a477ae7568e02614d4c0d69671928a95dceb18adf60b,2025-01-01T15:06:00+00:00
5,104,success,e575bb842e4df2444b00a59dc992aaad8ce71d70803b30593832406e13a86695,65d89b50e7c05807cce2edea82f21b25d10b4002af550e1dcf58316403bf7ffb,2025-01-01T18:22:00+00:00
6,44,success,b6bf6db63c0ff02d9204ea3f03669e6dd24920bcd85f59d1ce1f8ab702dbc99c,81193016c125855ba170923e97d63d387f905f974e9498b12d351205503c43f5,2025-01-01T19:30:00+00:00
7,104,success,aaa7b2fd4f1863e61d8b2cde11fc6fa8f8bf05344d2f3b2a9104e86546e16595,f178a4e862e8c252377e61d15a91206987a293fa4d32ee1a28a6893c6d8191ee,2025-01-01T19:51:00+00:00
8,71,success,ae69b94918e1349e8b9b9961d1f6a1e0d44664cea208c5a48ef57d8c57c11522,fb22a0b9bfd964d3a588e89c82c2cf7c0f6676e4be56f20f1451463730c22d19,2025-01-01T20:41:00+00:00
9,91,success,59335a3e28ee5c2b7cbaf32106c87ab62d0553ab05e1a0db9917134ed74d0a5e,c2f65e01305a3dff7fbccf287b3dceadcaecb02543fa7aaa6fada6365c2569dd,2025-01-02T00:20:00+00:00
10,30,invalid,2122e6d5179c6e0299b691f3cca205868203919676af8b2215e2c836843a6149,fb92faf99ceb53083259adff9aa0dfabbe5bd7e5bf873cc5a9bff53d92c94f49,2025-01-02T01:02:00+00:00
11,48,success,9286def96b398f79cc9bb027668a5d7e5e26730cb781e3ebcb49c1687f9a481d,af7cf932acbe04ecc5ab317ad17e1b706a2444abdd7dfd74f7e3f86a7068059b,2025-01-02T01:21:00+00:00
12,78,failed,546a25d758bb0d68eae35fb5f54663b2153897958ce0961ffcf2b522260aa6c0,def5fbaed5d01b7c687d01211abaacdb29fa403ca97f28c7ac454ef6e7ba80fc,2025-01-02T02:31:00+00:00
13,119,failed,464c621a15f8a881b5e056b9870e242f4b2f8ac8674e6d11d3b6b3faad39fac8,c78ec61d5d68ce1ca3b9625af919d7df2939c55bc1e64a1954c9f536c5363da9,2025-01-02T05:50:00+00:00
14,8,success,,,2025-01-02T07:11:00+00:00
15,52,success,89ffca7e77ed04f2773a187c77aae4e00f3978e535a4ea0f33bc82b325f8b58c,713de6944710e3c57f8076828b39d8b2bf9aceb9a5a181e89e867dd7755ab5c8,2025-01-02T08:32:00+00:00
16,28,failed,bd4ff6c76250aa6b4f6ec7dc2fcfc8845573c2b29c58073d0ba4090143e3ed41,292214f3405ccec2800323a237d081140c28a4533feadfb4363d282715e191b1,2025-01-02T09:40:00+00:00
17,18,success,e20c11b9fe5aec70bb181e7411abc6e3e23b9aca7b6050e1c12f501f25900fd0,1ce5087f5782a37ae1f289cfc0ee76a1a2468a2ba9edf2a59727be4cce117002,2025-01-02T13:30:00+00:00
18,75,success,b529791a2b431b56958d5e12492f15cbb4996264713a3ccbb598815a49d80bfa,94ac5a83ba8fc0d66b3d1440515033fb044dd6341838d6aaf9fd3c4d0ef31b00,2025-01-02T13:54:00+00:00
19,97,success,6b44d79066d42cb844a92b90f8dc9e9af83969986449ba396565dabe3a119e8b,3c3720bf1a7c21b665be847c1d998cedbaea37ddd62f68dbb0cfc4f41039ece0,2025-01-02T15:43:00+00:00
20,77,success,4dd40b9e995c78ab85af7c4467692d48111779d15b50567e5739343f9c16b27c,e40322eb954a3a89a51b17b3e0f7c8087e7ded11c8a4b193e07aa331f589ef17,2025-01-02T18:05:00+00:00
21,111,duplicate,d1a7d57168234f1c8db2dae0b2ce3005b96d0fbc3c6d42e062077a394cb0252c,2e4071844b8d32a81b45b7e94b05a4e38e0b41cd7a1f8b28c7d71b14363aca05,2025-01-02T21:18:00+00:00
22,35,expired,b8a7eb9bf288176a07477af6519e2aed8bc4147d5b11c8252987334bf5ebea6d,30a0684e968b23eea79eb26dd23c7d01a2aabed5803846806463fa59ce5ad713,2025-01-02T21:19:00+00:00
23,93,invalid,d67d618624846cc4adae3f722c72fca0bbfea4ce17d10a3330eeb52d3c6f12eb,f3a6bbb028f07b738f11e02de7282e75729fa1915b2480ca423fa8470324aabe,2025-01-03T01:13:00+00:00
24,14,invalid,72b84fcf406d83b00d517d832282dd94aae0cd49bf5e0a668b9060554d23c80e,6060d861114fc05015088c8f1400d0e3b8f3fdbd49faef49630a50117be72199,2025-01-03T01:53:00+00:00
25,48,expired,6c600e555e251a99dba520db30c2e1ca504d461bb6f5ae337356fc0e1934a13c,a9c743c4306a5467bac6b109678f22399f6014aea0438048ab8d3375960fb7a7,2025-01-03T01:54:00+00:00
26,77,success,,,2025-01-03T05:52:00+00:00
27,47,invalid,69b0a095108a88ee360287a2662d4e8ca9accd9f5b4338f5f3f347be9e11bc99,9cc46cda8e99919cea9582d99d97aa25afaec629d8da5f8cf6d6a4e16e3ededa,2025-01-03T09:37:00+00:00
28,73,duplicate,157c9b9fb919928cc8afdb10a1884aaed04441c83907a00b21a26260c2b99ed8,0227a8ffc906d8c9b46cec6efa1b852da0d386f3f0a1dc16e4d4efd7cb687857,2025-01-03T12:52:00+00:00
29,69,expired,a3043ac6de396ce7e5ea161724b422c91b987a51e9d0603a8c90fb70283a1c69,f34054b05caae7d46bcf2a75d678ae6f8ed5bce68c9f168955d88e57afe6a0e6,2025-01-03T14:00:00+00:00
30,68,invalid,056615f4dc7763aed04da317f1c75579905a7d07e525564c053c8f35b3a84e1c,0d748875e21b93d105a6e86052446fdd4f3b2cfa6ec6f9d296f0abfcf8e8e949,2025-01-03T17:07:00+00:00
31,89,success,93ebff3b66a3a4f5c79b88c2bb5f1ea2edd91e319e426deb5c207fa5b351d239,27ed8e3173f68571a3613893c60f10f063e08bcc2dcfa68f503f663b3cb9d034,2025-01-03T19:00:00+00:00
32,116,success,cc950779ac87b72321601f477c38f074bed9563ced508ebb8f351ba1b3bdac37,001c38250e74cc4712b0bbfaf864047e8834aa7a005ec8d93e2e5d67243788ef,2025-01-03T21:31:00+00:00
33,71,success,2f96b82c05d871e21934502dc33a44155ea56a6920fe4d680b91dda3920a652e,81263c5122cebeb98d9234dc5aebee55a4efc4fba23096352cc259d8ff41f066,2025-01-03T22:30:00+00:00
34,9,invalid,a5254a3e1c2e6136c2903660d65a4a0f378234bd9dad4baa47d0112d0560ac32,3e9d5fc812dd969dfe5825b569a474911f339fc5e2910ff5c231b9c007157598,2025-01-04T01:22:00+00:00
35,63,success,84878cbcaf89ef326230ebf0363f0b5bca753538f6d96d8ac1cc51084a3e40c1,b951b90bb6580f79e7de357c75e69d6491a9daa082ed100a1100bafdf71c4f64,2025-01-04T03:24:00+00:00
36,32,expired,25ef3c15c52b539cea4fe5259d5c381ed4366bd1fc7c67579e430e268784a2a0,2670b0f83ebad7e6005c158263b5d9b2951d9ca55937102225cd9566e88345b5,2025-01-04T05:15:00+00:00
37,46,success,cc8ba980c7d2ace1d5655f768af87c50c9bb9e3c16d27e5823808256f686c71a,bfe63f39fe9bca57983877ff7005594d9d55f1d58357a41c0f7c7c6132fa12df,2025-01-04T08:01:00+00:00
38,13,success,ce067bbfa32b8cb5508c8c3cdc4fca7a56c334ac0664f4cefe017d786c6400c7,e302d1bd6b4bd53c44a104f584f735039e44c0c981d10c7becf16e13b835f0dd,2025-01-04T08:51:00+00:00
39,25,success,e75245841583f01d2c213d4f335ce10d251b9df1938b68fda22ae72f8f7ddef4,dfadca0daf707e079cfd4edb8c57a9f719f481713060fe700accdfc50344a14b,2025-01-04T12:35:00+00:00
40,119,success,8f7beae66a3e3af7984c3dfe6b123790e8df41521175a293a778188b5b4c663d,a3d15b0397fdc5238ef7597fa5762286043d1d65d2af716ceddf123383660101,2025-01-04T15:22:00+00:00
41,70,invalid,f3e7f25d1de87420eb71aeb96b74806b36151a7fa3f530cef3dbd18e75f802a5,69cc79e6aba7c42042c5620d006727856219fe2a8cd94900ee8ac4fd5275d87d,2025-01-04T16:05:00+00:00
42,53,success,9a8924239204cf8af710b05af413e716a22a5e8b613deb838ae553d0be5b94c9,e1ac511a6cdc50c67ace513fdc03a8c7d8d85a01f4bdbd3a7648e77ccad437ce,2025-01-04T17:43:00+00:00
43,1,rate_limited,90432ae0505c78654b79f1b8a571c10f4709365e6fd174a39a14c99b736b6326,0f6be926c5ef362f292955d21a01dd6a7bb2e41dbee58cb5070db631a4652c96,2025-01-04T19:32:00+00:00
44,90,duplicate,836385e7ed25e0da4b7dc0c0681b9da4c933bf58cd8ef264480cf0dfb5463c42,a1375f5a9726f38b84f991b1da5762cc878d66c3b12d6453b663aa234fca7ef4,2025-01-04T20:12:00+00:00
45,25,success,6be28e90f978c4d719cfb7330c76a3baa4f297e5cadd742d91d3f9b443f1ae42,403f646fcf403f3c0c6ff7836d8c74718190e3b63ba35ef2764162db2db352ac,2025-01-04T23:24:00+00:00
46,41,success,3bb2b6401d91f73a473ce73e89d8a3b738069d52e0bd67f0c2b14a1614a2235d,0f76a402b4789cebf46046350a89ec68cfbdbf52e706ea92c3d6736d27e4bda0,2025-01-05T00:05:00+00:00
47,8,rate_limited,7c44b35bbb1ef9b2e961edf8fece3d11eb3931704641621fc1dcef149e4b057f,b0577ee8f806fe23422b3027cabb0ff3036e7111134fcac80e5028d0d342230b,2025-01-05T02:58:00+00:00
48,111,success,ec8ebceaf08d8e1263825efbdb697a399dc848c7857a9641a0e1e630cf60228c,6cabcf7b8c93ec8d3d9899b970ecdb405a47b981a99495bd0e972cd84ba3ec12,2025-01-05T05:31:00+00:00
49,6,failed,408b780b046de4b1fae52dc88343f11b1c6a476850fb296a696ca582606388f6,b6f4fb4543ed7ce85ce6fcc7d70688493aa94960f133f26fdf67635c99a4ef63,2025-01-05T09:31:00+00:00
50,34,success,c4cb631bb84ce2c09ff4dd359f9bca1c178664d928de82ac5f75a5bc95b387c9,6d3d931532c1172c11299a58c143c97edba161448d2b25d1505a887eef2d0834,2025-01-05T12:23:00+00:00
51,83,success,f220f35a87d1d36c43607486d19e2cccfef17911e48992f54c56ae334a9a9b5e,469b09127929f01945c9d0a9ec36daaa1a8961b594391a786ba4780fc892c762,2025-01-05T14:21:00+00:00
52,80,rate_limited,edc50f919c81118f56f6a0c2c93aeb8a90518e579e0ac9ae2a6979d9f4679e4c,622da6622ca39a96f8bc6bd52c14ae16acd2c11e05d8922e7be16df1a7ab54ac,2025-01-05T15:29:00+00:00
53,17,duplicate,d7f1ca2dfb38218a3c919ba1635411069f7e2d1a68966279045766d4a34b84c7,23d8edce3b706b7ab04656c757b47a4b7dbc88195a1f938db79147227a570429,2025-01-05T16:10:00+00:00
54,57,invalid,81126088671faa5ef5bd6a0c67315a1ee555038fceb3aa4b12224a4b91aa2693,bde6dc2c80e8c24cdf5d98fe04e4001fde0e702c503d7f299254e2cd1a5d7f73,2025-01-05T18:58:00+00:00
55,68,success,017641cb019990322b98c27ebaae77a5829adf680a0a5539163e81051a69e2cd,b08c43bb3ec8ae2e78f7001ce9127827a0579bad31fdd1cb9f5533200b621462,2025-01-05T22:43:00+00:00
56,18,success,1087c9161a6386ba3934c0fee4c2860d47495eb104e44aa94ca273ffd444d5ae,eb61fa720a659578b3422bf294f5ece477d45b0b0bde68be72bf035b6b923a78,2025-01-05T23:56:00+00:00
57,78,success,77c59f1542417aa3f3d4c500ef51357feb68f695b173b89c4ecdb0729c5e4128,9baf965f0d722854a51eaac9f55e16943a795ebd74b1375d50510aff05dbd07f,2025-01-06T02:06:00+00:00
58,63,success,2f5d784a41495082f288895e52e8054eec479d85a888ef353a29a35764145c7f,b572825ab2497eae8727ec61d132a08318f3de7023debaba3b807b7b3ef69122,2025-01-06T05:39:00+00:00
59,36,success,1fb907120f78f3c8f14bb35bc0c781f83fcc3e66bc839f5adae23979b32cbc37,a62654132c74d13df798924834823f29bbb7c2b78a3dfbc9e03ee99dfed5f7a9,2025-01-06T06:21:00+00:00
60,95,success,8ab0dd924292635a71a418fe207b993d49943ff00c3df2dbfb03d1ee7b192f1d,92ef040825c42f34adbbd4ffcd96982c82f698c6bd856d0e7bcf43c65704cd96,2025-01-06T10:08:00+00:00
61,89,invalid,64d8e853676fe2f6a90dbd1bf35e954903eba62948f43c3969ab0f01ef41a195,d48db9fa0166addeb2d23ff8650159202c44a81225e639686d2a5951e620b331,2025-01-06T10:46:00+00:00
62,56,success,3f949492ee0c115ad2ee1e353b4f2c428ac83b7e7f0e4fac9df6baa47a7d026d,4873f6df1f57f150eb3546b7bcc9e9a4354a20908e7ad47fa098d76f0e0935c3,2025-01-06T14:27:00+00:00
63,6,invalid,bc48ecaa465a525008c46d905be0b88de8381da839c94a09f9e798d4c590ce4f,d96a903656dcf2758bccff15bbd83ce3837210f7d63a54782f656d82e1434062,2025-01-06T17:47:00+00:00
64,72,invalid,e7f388564e51ae1877754c594f63bfeb226452e80947a23d49110956181bc46f,effbda82ad57d2ab7c84f91e5b8eee585437f7bc5de9d4d64f409e3bf917bf76,2025-01-06T21:46:00+00:00
65,31,invalid,2247d0a0f016f65a9db21109247fd749602783e7dc483218d8d1fe2e76e88c06,c13f2f331ad2e3695eca0863dfb621e3ce5a3f1721c4857ea25b97a05cc0eb4e,2025-01-06T21:53:00+00:00
66,23,failed,1cf43f35c0a384004d62c57905845886230fe99017c0877bbd069406efd5d770,5368fe2f6bf145f99d715f4a93558aca4f1c53460b4b306619c99ee71646cd05,2025-01-07T01:35:00+00:00
67,95,expired,df8cbfd4c8e88898a6b964510695c0e5dc667fe1a1a1bb614b7d47f2f8c5e9aa,09d86b4eb35d93ce861984f00463278d247a9b85194fe5872be289d61dd0a970,2025-01-07T05:19:00+00:00
68,5,invalid,801459f464898b62a4906d81a16b57d9bf9efca0bfa7203a7eaac0b51043e453,188d7e90cb4481b652821cdefd1aeff619758baac949f12cf201032fe3c29c18,2025-01-07T06:38:00+00:00
69,106,expired,367fd86e0509ebdc00f549f6aa2dfdc7355c2c9e1d780f8a87f24abc5821c7e4,8c0e451ffe54d4078605fb07e8b3c5da5aeba819200f74c0a8491389377ecaab,2025-01-07T08:03:00+00:00
70,36,invalid,51f2ab23cb807c22055465228ceaba263e2db45e2aca02bf2169c32870ec358a,8f6eae9f10177b4d9c6f069a9506c2fc6a9f481bc1ea8a9dfbcde0b0b56d1dff,2025-01-07T09:46:00+00:00
71,87,rate_limited,a121d6a1aa21a745668ed137c224f0c9fb0ae50e8566afcf7c8928d542010a6e,7ee59bf3e093e5623afb6186d61f189bdd1cfb63948acfc16cfb5817d8579572,2025-01-07T10:53:00+00:00
72,23,failed,9b5ee64adca7eb0e369b0122d34a7bd3a72dbbad2c959062e255f17073d8fe44,ad956d8c64d76de86a497c4412ffc4dafda1cbd754d76dbdfe2099680bf9c2de,2025-01-07T12:22:00+00:00
73,94,expired,768de688fbab4a39c32260a9893a61e6e2d8d0468ce3bda8f13b4fe0dcfeb976,3100cd2eae0018d320a0d17006683b0f85488cb4332588d69ccd76a2bc405a9d,2025-01-07T16:13:00+00:00
74,74,success,,,2025-01-07T18:05:00+00:00
75,1,success,05c13eb13209ea3e2197d8b69e560b3787b304a1a998fcebdb11ce4634afb015,8d2461a939f422f91da5cefc0b29387c26c58745bff054bb9cb3870441e2d96f,2025-01-07T21:14:00+00:00
76,86,success,5e1b083f628c9a48d9889e9ce00857757646ecccfe3512cdbc8971e15793e3bb,eefbd7e59f7ea64e92c54c37948951552ba9af03dc5be828ca6b15b9592fe333,2025-01-07T23:54:00+00:00
77,41,failed,16de9ffbfde8c1d9289a57a28b70cdef3f8558cef31c224cbee714a05810e365,6be8c07c77a03d8373e79982940e5abf03f9551ecbeed3a5cda8463f87f5d99e,2025-01-08T02:45:00+00:00
78,53,success,baf0295f9ee1870d64448123fd45eff24bea1b5f52a1bb2339133fc296a87d91,b7a88049eb417417e7bf2c52fbcc4609e2a8188530a6471c452326aba8599fd3,2025-01-08T05:36:00+00:00
79,49,failed,4e40d0eebf4176ce4b3dc9fb3e09d4975ad75162b2047cac936834e9635d6ab9,aae919223e296b681c06dba07737f33bf48336035f5f12441d1053b980191e42,2025-01-08T07:57:00+00:00
80,107,success,f4f14b9df571340b4939e6324b88cde545d53a38ab2065347757c6d5900a4622,87b2bd8fff2991aac6394dcdca2c9e429c9b60385853f7b10dd3b3dccd992dee,2025-01-08T10:45:00+00:00
81,42,success,e97ad48e7d7bc711acb1f258cbda5535da90166024c15fc42bf0a4698b75c0d7,207de5f10e68f79dca998b42b6ee80dc739954c83b0c0d2460a30b10907703f3,2025-01-08T14:36:00+00:00
82,102,failed,5c98759be88db4f07f1727a19814acd6c695b5e76c4598bdb0a3c70cb2b0021c,f6633ea64557c3ef663b5f574624670c8f74c2236e2566ae0d160e30c6d069fe,2025-01-08T17:15:00+00:00
83,43,success,57fc257d2797d333e293fdf68bc381380bb362380534071af56a3800015e6a58,94049045657fb3fa0d23e9246e111c61fabb6491c1331d1dcd143ead25a3f562,2025-01-08T20:42:00+00:00
84,26,success,,,2025-01-08T22:44:00+00:00
85,79,invalid,51b28bb5b17e70bb3ac8dad18f93632680f2d3a4800f3b6a09886a574529c18c,4d071e38f68ea18b29e72fbde0cd2945a207fb8e051baaa815010cf7c0784909,2025-01-08T23:34:00+00:00
86,92,failed,db9cbf72d9b0511e59ade5e2d0cf9a7792eb83f6ae481d1053a0c1323cbf9be2,ebc8bfb1de37f405776253d7d0a981c19e919905198056a948c1f0f676107726,2025-01-08T23:36:00+00:00
87,115,expired,3f3c83a632da994a9e7a771b843bfca8994fe3cea4ff8d204ccb3c037389dfdb,d9a5d6aea6d98c7052f7316c79cd0d8f4ff2a4c5be7e3722fb60557d1e0de8c7,2025-01-09T00:22:00+00:00
88,103,duplicate,323c82869512360eb344a5e63b519ec8bae2ccd103c93ccd708fccd065249248,1b95eea7afc34e3e77c35ab15817204fc23a99f6526ff364e825078c8790d7e2,2025-01-09T04:00:00+00:00
89,16,success,a3516098e5ce896355d75b8045f31c2b522f534059b64cb6da515d8328a87d6e,bce71ce6df6b6dffdcbb1714402b378caaa4b54b59ddf77219ae1df248b8de69,2025-01-09T06:33:00+00:00
90,41,duplicate,84646925081a8932c605bcf919211b65bb6102cfd5492d96a510919e3e44b348,54df211b89bf7e2ea15749d1914f5076edad482013e972a0f8feb19f0a48848f,2025-01-09T08:43:00+00:00
91,55,invalid,1e6ce12a745435f7877245f35624c6c0cd3770055bbb5eebeb14aacce03a118d,338473ff17c8bcc06f2858e6021a5ef22f52a47774b8565cf5cdb20550370267,2025-01-09T10:45:00+00:00
92,58,success,b9b6aaf233f4d9d1a8e3d8ecdcb6ffba1ecd5c331fab81c89c63c503082ccc9c,81fcdcf12e5fba98cad413cbff17db929da1a401e7d1b48743bfb113f0ff9ea5,2025-01-09T12:59:00+00:00
93,63,failed,6e5f798f084debacff75541c4d31f18a0ca0469911424074eda70346255e0bbe,b208a09bfa447c7a74fa69467ba505e109c3c37d1617424dfab65eaccb369f32,2025-01-09T14:09:00+00:00
94,43,success,5024a8da8d5aab7c08e957b5fbbcba3aa9f7118d97e365d0207621874b84494a,cf64c486716ec2ab8a965946795ec0691767fcdb1a1db39f5b939dceed9d4a50,2025-01-09T17:07:00+00:00
95,20,failed,be90b65f98b8c34fa39a87a5f4ddd238dbbbca044ea0a1d6a699261e88654499,37961dcaed68158754380c10314b2c6be56e4d60722f8af7a484c7008a336376,2025-01-09T18:54:00+00:00
96,8,success,e6bc5de14de096c0e18e567676640e338d13afc0bb189eca5f830a4980e203fb,ca0c272a36d60b4e02f3d02b874b0b4bb759c32892643517da453e0bcd0f65a1,2025-01-09T21:53:00+00:00
97,3,invalid,b8efbc5ef87363591c16c84b506b3a7723884f287c84bfb96b830326d6c7c5bb,1e123bf8a84270527882d954aa6aaa73997aec4fbf4eecfb1ea156735b264a91,2025-01-09T23:24:00+00:00
98,39,expired,30e3ab9f04ea453da6ec0ae002933b687c6d2fa8e6b11806b72decd417a099f1,3f7cd1c7f0f58035486297326d97f52530de3965c6a22f26182f90384c794b19,2025-01-10T02:36:00+00:00
99,95,success,fa2b1f95cf1489e5772b63c39dda3bfd488b6058cf364602c960ff2db15d9c99,f8fc89b2b805b4a61cd13ba47f52d3bfc79a5525de940ef30e9019dbdc244576,2025-01-10T04:28:00+00:00
100,63,success,a349a978317468cc7a6b21b6dde6dffc16e22e596d3749f757d559b54daeb20f,98d53a25ac3e724d39c4d007f78a9cb9adf413d0e478c1a60c5705ef737edb7c,2025-01-10T05:11:00+00:00
101,108,success,c3753d0e789c552f0cdc6ead2777852744f9b0a25a6a43869f19aaa33f469f31,6300d628247797b54381baf10c5bbbfe9d2baabb54c93533aa5bde8b7c84c84b,2025-01-10T06:52:00+00:00
102,76,failed,,,2025-01-10T09:37:00+00:00
103,55,success,6cd0635d79aa40e0138e9d6f7078c1f45f3d5624b47db8f3640d9858bbbb7d7b,3ccc666973104fd5ff790e0c69bb2e421d850dd004371ff1528d43fe80a1fb51,2025-01-10T10:32:00+00:00
104,59,success,a9e93c3767bdec716aecbf921872225e5e295eae65e8603f6a78b650c555fda6,19d5aedf7f5394b41433bcc5a5b5b47d532808cdf2d7cbbeb0cc038b400084a6,2025-01-10T14:05:00+00:00
105,54,success,74a911e0aa8a7bb5dda6e16fc74eb1b3146236219b5f767b5a039f2c6d8e0229,4093eaa609662820e5b1376a89edcfc149ba5ac6fca41502a3be862820933dd4,2025-01-10T15:35:00+00:00
106,29,failed,ef4485cff582f4bf3c4481dcac5d4dec57355963d033c42251d2064e4e841cc8,8cec80ff2c6e2898b582c591eb0d178462f054b01d0804936c677f5413a48ff6,2025-01-10T16:39:00+00:00
107,26,invalid,8b9928647673ce99a8d8cc484ec5e91ca53fdd188a720049e5d5e7c8e4ee4181,f9df9bdb0329bc2907a159c4bd7a96a6ff47df3b4eb91140fe6c77ec6ad82b52,2025-01-10T17:09:00+00:00
108,73,duplicate,201ce695219022b6cc0ae9ac909d91f45b7ccfe04015ff60658560283868e881,7ff757d31a3a065a4a3c94a1e306d60297bc3b8f1805bc0ebbc112a146acba5d,2025-01-10T19:45:00+00:00
109,78,rate_limited,96e7ae2e20136c16a8ecbb1f8aae2b4781c0916f673ac5781a4e76bcf67c89e6,68c4c740086b6d04d15e7d73b0736026622b2402e8f543b84e84a8b536c5000a,2025-01-10T21:05:00+00:00
110,14,failed,6fa1ba6a17e04e9b81579fce489db760eff675b922d9b865dd4ff29b86eacfce,11ac82c87eee6416aea15f23c670bb6a8b7188dd3cca2710d78d0addfd60d03e,2025-01-10T22:42:00+00:00
111,51,duplicate,356a92ae53050aaa578a2309b76004f3e3886f6e6edfcd4cca9dcc9384aa0307,dbe64e85afea183336ebf46293f2ebb651cb2323d99d9115fbc3856fbdd1f4a1,2025-01-10T23:45:00+00:00
112,14,failed,6900bb35189d65cf2e151479752c6028a1329a05539f9fd2c5e6cd716cf3dbb1,99e623212ea452a0c817db5dae339ed629ee6ba036b8851f51de1930fe82d826,2025-01-11T03:09:00+00:00
113,73,expired,c874c606e5490c8e85da2dc8367e1e7cec9de9199d68a50ad1f13972892920a9,3a8f1b655e754f17f8abc0c1d73a7abc4e17677507587541aa9d0e9a1f129ccd,2025-01-11T05:19:00+00:00
114,83,success,d868082bbcdb2c389faab23b7385403e90d38bc9e902df1e68723e9e297340b7,9e7225a56cb1cd315ad3b432e0688cc6ee76e3fc4ee6cece19c8d88cbf8b2e2d,2025-01-11T06:52:00+00:00
115,82,invalid,3075a7beb682dbe0cef3fa3076c493f512a63a00c8a4b156cbe044e4db3be8e8,013982f9894f9faea191afde64b9aa05dfa9ad95b9399151289ce34624bc2e85,2025-01-11T09:06:00+00:00
116,84,success,8983f1c0f39592252f2b9cc7b82c9b288183696557362a26225208a6c5149c13,3e0e34a9ebae714540bb35e54d33f33ef2927c611daf2fa5d1ad82a26d477627,2025-01-11T10:58:00+00:00
117,106,failed,ad6e8fb393fa0b740e47ce66313fca3f2a6add95c503cef01d08d62b7a01443b,a6188052f1cb841e82bebdd7eb9fdd6cb93ca7ab5014abd858ccf298586db004,2025-01-11T11:21:00+00:00
118,36,invalid,6f9a6288d0a5aeb2f626c0e5a32f2874d5677990834d45d008e2484cae34a3da,7c4fc5407cbeaad382c81d5df4e3aac37973d893a47a530399fe6baae7f0a875,2025-01-11T12:59:00+00:00
119,44,success,ecbde68e87920d3ce86d1ded4691c80006ac6f2cdc428fdbcd5b82e73846bb71,a27697ecfde47ca11b0407c2ed132af5839d5ed9a367e74ed0db08f1d2c35d89,2025-01-11T16:24:00+00:00
120,34,success,826b86d30e5a272fc21e490a2db8ba7b2b6bd523405909867ca4a8e342dc95c7,33c5ad6003a589656f65174d5e99c9d05bb9c9c0b194c631da98e790452d3dab,2025-01-11T16:27:00+00:00
121,67,duplicate,68b4d1018c93f9fef67ebaaf490b5eb79bf2e70f732544f1922bd622a0d675f1,9144374e148b88ae5953f7ef095be20bb57bb3d442a0196184cce51ab9f686e4,2025-01-11T19:42:00+00:00
122,31,failed,8e3e090b43833572f5b12b70b403e2b860c3401ae1203e5cd6b5c7ecc3f7a70c,3a3c7994f21488358f136d8450030e47f5565dad23cbd55cc5485fb9752aa2be,2025-01-11T20:06:00+00:00
123,38,success,1c872e9cda7ab19f7aa056343074b8031212086dd68c8b7c87b9567bfe57b8a8,05e659ed43673996a3390c039dafed67cfefc82245a9cbde18db6224c539c7b0,2025-01-11T22:08:00+00:00
124,71,success,741e482f7a7de2bd36299b99d878d9b7183ffb7020e85205242a90cb6de19773,93f6586325a5d56abe8b34f9d7cd67d62545b2a0f125656a76f6f9d2c230897e,2025-01-12T01:08:00+00:00
125,59,success,118067e16a60675755d10cb936d5f99e004a57d05891989ce74367890b39a259,ce0100e1c5ac68a88663144aa9265a17d2d618a43752475c33f9636084d4ffbc,2025-01-12T01:39:00+00:00
126,96,success,ffb59df873c2be12ef3c27298e479d8f83382caca5bb4ce1db4ac6de183b710c,ff32d858a81c919deb3c131fe8e6359b1c691ac03f669e2856f62b8799d54f8f,2025-01-12T03:43:00+00:00
127,36,failed,fa06832ba616bd7071656d43d287ab52c1d45d906c6a970fd436280f8aade5ab,e87c32864c0fa2f2427c7d25e77e8d0f20675de7f18edb7c165459657cbc6869,2025-01-12T04:09:00+00:00
128,107,success,1e0580531f1db6cdde0f0f474940ef2615ddde29c906b3a52702dda4df24f805,3dcb150515bba8604d9b85bdea82d5933e11f3a9f54134e359ff31f79d1add1f,2025-01-12T06:26:00+00:00
129,17,success,8ed70fc1b7728ce3d8bee945fe063d1db2c25f22707197f6e563223511e161ce,71cb7033086ad1c5c32cbf30216b66e9a3cb3888730cfa15b27039ca15a6dd98,2025-01-12T06:59:00+00:00
130,82,invalid,adf421925740156eb45f9399716231f12b68e9a8d4cb1f66ae14461ea39ccfc0,fdec542a6a96f3a5951d3dac9cc36b8bb899ccbc66c23aff3d8099c22429fa9b,2025-01-12T09:00:00+00:00
131,62,success,872aaa1698b1a456abe582d3a357ecdbc110d250fce275079439be8ad50462d2,faffb85c34d718c15c635fce617fa2e650f42c2a3f4f27876a83faee0b029041,2025-01-12T11:03:00+00:00
132,15,expired,85d62aeee66ed9e4dfee5897263e193dbc5a9ef41a733e4e8177a3f5c4b3a4ab,c2118ffa6c4f66e1cc6a6e2305057ed21a8bf9e0223a1886aff50508edac4953,2025-01-12T11:17:00+00:00
133,20,success,fbefc93dc346fe090446a41f40fe67a3da731103733fe263f7be71883329ed6c,ad301e8d77c92b636cba8a300362fbc182f3a7a21f06113d0e760079c1cbc6a4,2025-01-12T11:48:00+00:00
134,72,expired,6b820d8afd1fbaf64f46ce5750916391a9c8791d206de688861cf47833dc09b5,e7b77a350023dbc623805fbbf9f2ff4693a8911d953dcc324dd0de35c2bb32e3,2025-01-12T14:02:00+00:00
135,49,success,307e459cfca7349f7207672a06bc981e23ebff6bd8cd3afbda76a643c0287814,0ca5e363c8adc89b793ebf24f38bc1187b0908ead1b86bbd87a9d6c46425e2f8,2025-01-12T15:21:00+00:00
136,73,failed,bdaf9ca9aef6a7daf0b1374c565548c4f787577429554e6b60825423608f086d,1b57ce94e4d431c5908bccc6830be99f528038028a560661874f32ca29d006fb,2025-01-12T16:15:00+00:00
137,81,success,9338e589e37dec5cb67989dea583b567e04619c583b53cdd673f5a0b18f3244e,1aa41f5daf1004ffb37d721c6653bc84a7be2f39355240b8406cf111e1b7a4ab,2025-01-12T16:35:00+00:00
138,21,success,fad54c8b95a83407e2880fb72255c6cda9d8e8f132df80f28f543038ad71c840,a5f8bd37cfb6cadb2022de22ff0f9a8bc7f255277f18aae8ad8bfdd8cd749b9b,2025-01-12T17:35:00+00:00
139,37,failed,382a88635a91af1763f00ddccf4cf5cce5d14833e30c85cf02346a771720d698,37e26841d835e173f7dbe07243ad42d1f119cf286281c92a97a14d52703016e4,2025-01-12T21:32:00+00:00
140,34,expired,c9f09496d35188f01416aa85afceeafa48aa5eea9b8c3a17268b6cad17024281,32af1ba9ed2d9f446f2d841a311e78ab2fac082e3a988623f0a0a1ae89605b4d,2025-01-12T23:21:00+00:00
141,15,success,f9ea8fe8a4047c8c9120b9d83dfbd2a13915b64b158ee3efe846f86561467448,5ea71bdf194b61e1b6a9d312f96279dba11517db41730130339a41f9f15552e7,2025-01-12T23:40:00+00:00
142,8,success,e461b2e40775cf87dfd67a1a1409ee73d942333d87bd24e3f7f15d4725b8776d,7e5b7b04f4da360ac06c182c65dcc3fc645a337205ae59dfcdc44d2e68be3145,2025-01-13T00:54:00+00:00
143,57,success,d1a218f3523087cea9fd7cbbd386cb587ec515c00667257fc20e40c547024f13,f4f8dae03d8ec268357ce14f2a1a807c6ec5fb5637ab3c2859f12771a97245b1,2025-01-13T03:03:00+00:00
144,70,success,9bb4b26f2c64a0ddd6c0ce95775b861dcc6f6c8bbaef51cd9a7edb4821f97293,7aac338df10cf6f7c03742c587037aacb6d8aad75e3af84b7191444b676342ca,2025-01-13T04:26:00+00:00
145,78,success,4e0ecbcf9b263262f839ee866052ec9c512d6d9276af7bebde11c9ed27a74e23,ab225e64ab9aa537f043e730ccc2bdea401ae40235132c7c16658a1c6e3f8566,2025-01-13T06:54:00+00:00
146,76,duplicate,bd30cf6404553af8a99801f0dbbeb9054ef04cfb8614a39f5904a481580d7cb3,1ef72cf5f4f52849f244c442e1c11f6d05d5f26b07cca466cf3a01d57b68b916,2025-01-13T07:05:00+00:00
147,98,expired,02f3b8879f474164858d262b7190014e2bccefaeadb98236c0a9817db11b91c2,d37d0a1286dc2ae9c2a9a4a5a18318047bcaef2f8ff77ae796abf6c3692520f9,2025-01-13T07:52:00+00:00
148,75,success,9ee938d4115cde2fa4698ff07f9892b7267dc2cc5207ed4eb53fbf636f83a7c6,d251ed1fc184163cdb4492b13aae3ee4e55c3194e106a4a852fbdfab73839822,2025-01-13T09:37:00+00:00
149,43,success,567ea5aa4e6db797f29b042d518343bf9d9b57793be9f01f6126cc4874c4d758,57835268b9406814daf2c5a829b5728d018944a3a0ca727b4eeff09d32451feb,2025-01-13T11:44:00+00:00
150,37,failed,f63db553eca3dea44d1bb6dda55743241e8e62ec71bf84a7a0dfc3beed363066,aa62c66967a39e4c57aeaa62d6bcb5220806fea5e4611ab4d6f119d699b84c67,2025-01-13T12:07:00+00:00
151,41,success,8971fb0c43651151dc6dc4a305d00d512c811b4725ed176aeedaf3c23c18b386,8c15e0e1a806b9c6ff34033e5ebd70da2203b9c90d33e7e84d7501ec2d610fa4,2025-01-13T15:39:00+00:00
152,1,failed,4e36cc27ff8d96c4b8d5e5f4993d504ae1d20e8a23b648a170972c5baaf368c0,4995c50c7771793fb7dd8321830588e23138486d7d2f948668ad097a5b77299c,2025-01-13T17:12:00+00:00
153,80,expired,3e5a99eb369a6ab315aa5243857595d72dd0fc3f077ec7e6feb6f33841d88a44,365ec2850d798e67fbd027a9ebfa3cb6f0512cf95aed1701e974f0030475417e,2025-01-13T19:33:00+00:00
154,17,duplicate,e4ed04c6a64e14af2ddbf230254c4673fe9ed979b6877ee053d176b67102fe92,3665d1dd4003f6335eba8b11239cdbc756471dde043b365984e6a39be30cc972,2025-01-13T22:15:00+00:00
155,78,expired,2c92cef3459cbe07b4af8cd783b3805229966c23e5440b3d7fe984fb8c2d0731,b3acc4ccc08fc8e3fa920485672a939f377652a0f1bba1f4b3cb96a5b3cdad5d,2025-01-14T00:00:00+00:00
156,12,success,0b17e618fb4ef6400f6635947f9107801279774a9e74dfe25d2cbb39c455dda7,7906599b35c1b0f9dacf652882fa2de76e5431aa5b0ae1b58e852a3a5e3f2a12,2025-01-14T02:46:00+00:00
157,107,success,937ac45716d300baf023ca7112e37fa447a16eafb8eca07991b1d301565b13b1,59207f8a131b41a80244eeeb592c9f98a9c97c511335ff74113a4995295b31cd,2025-01-14T04:33:00+00:00
158,107,success,2510a272fd58b0c5691f89ec9006f11e3fe08c9d28f54b0af9e3b1e418050afe,dbf2f78ea0220e641943fbaa2a18030df752d4a6a61f3ea20431496a6c28b71b,2025-01-14T05:22:00+00:00
159,118,failed,102a462110cf0b12af3fe8736d7ebb9f67c81b04f9f574f5e57d78e3f236543f,56f3fe2bc8a8dc1cbd8597f94c647b3845eac20b2e4a9ac6e069c26c0c761d51,2025-01-14T08:40:00+00:00
160,102,invalid,5789d8ed84d060ea84b51ce8bfa08c898414bf14394887bb2c6161f343180cf9,f0a5385c8024a4ef263e1a51e4fdc67c1ed1a04dca304c8e5265e73cc7bf44f4,2025-01-14T08:41:00+00:00
161,37,failed,8c2a670d1018bb000eaf265e3f94c58af7745771e163b05797fa76eb7623fd46,5ad90f4e20f0d0fe8bed70c9e20b05f7f1684f030ec7fcef16d4886f6e677967,2025-01-14T12:23:00+00:00
162,20,success,839f2ee87a08dc136f0a85f82c1c022e86032cc4ee7ca1577837b24cfe0afc9c,8dd402c2c7fd2e6dbd30cdcd135a0bd59a2be4c499628676555298fb19bb1916,2025-01-14T14:00:00+00:00
163,59,duplicate,1f7ba4e7479414bf8054eb67468faaca71997b63c581a8fcdc7c379cc4081f41,193e8c15ecae9fa5ea9fd75a45fe75e6aa12fd01edab46d187318539e617261c,2025-01-14T15:39:00+00:00
164,30,invalid,a040ec5d92662763cffb2f74bf0a80fcc44a2e0ff0c04d7b93d8dd2b0e48864b,78262975120186cde4ac664cd672904d39fb38d172226150ac447da4ad3275e8,2025-01-14T19:33:00+00:00
165,104,success,971d4c760ea43e68ca394787170eae49fb7a918c735c63dc1c9f0ca0909e8dfa,9f8b9360ca0988d241c550549dc1891c267851f37343fb3739dcf6b4c8a35f09,2025-01-14T20:12:00+00:00
166,64,rate_limited,a81343c9fe5b8f5f76aea12259d486e079e92210c2f86a8f57a62d9d69e142d2,2b9e0aa8296c24c6503ab55ae6c35037811e0ac088f6c4159f3ef52227563c73,2025-01-14T20:38:00+00:00
167,112,invalid,d98918bff65c2509c6750759a46adf5d3178114e7d645a152f9e00c6d2420f79,84ee5fd3054631e29fd0c0161b8d701fafd2024bab5270b1f7299bc27214de54,2025-01-14T21:15:00+00:00
168,53,invalid,0585329d70722513fa16f09f7cba9ae9dfe29c261a97e2da726d0e5495384e00,b838d9764138d40c51ea3512cb51bf8ed48b25657c477524ddf871f3b69fcd61,2025-01-14T22:23:00+00:00
169,44,failed,57e3dbeff667c24925e37f4ff577fd13af2be6302f0dfea94f63135ac9bb8f62,691099be3520079be9db6c2f7ad858ed4ad4ce28b74e6d5cf104166fd1fc01f6,2025-01-15T01:16:00+00:00
170,110,success,315321f71fc59ae8ecbfceac92eb9695fc4ad1976add0e46bbce63f1048cf90d,30d47017607680725df2153abc064bb6e9673e3eb61d29fce87aec7d43d57b89,2025-01-15T03:21:00+00:00
171,112,success,f2cd13a98a11e4dc5a2c7ccd231d8500c657952edab5467dff844392fea26aa9,331bf744f1b7d19f975628cd20eff17232497963f1fe909010d7e219d3e79268,2025-01-15T04:35:00+00:00
172,30,failed,a181a038b076b8a7b2dae2afba3eeef60916cad4e036b085d81885e6ff873716,c9f749cfb5612e910e04ac20a9697ede4100a00ff80265e4c9d367739a6a07ac,2025-01-15T08:19:00+00:00
173,13,success,313c445481802f0768144fe188f0c2a006d6108ebb8168b800457c9710021957,897d31ab193e50101752c5076b5c9c6c1af940d90945b6d8c1fd86fdc600a1a0,2025-01-15T11:43:00+00:00
174,8,success,3825bba1de9d391302854aabf79c1ea6b7633dae7c74fa0e3ebbeb07e68f4d47,14faa3c46a23574df895f1614afe69b24b17da1aef90289bda858f32177c3840,2025-01-15T14:08:00+00:00
175,88,expired,7fa22bda452cdf93b7c8ec1cbc4fded32078d3ce7ed9b007c6a06d25015cc34c,930108c0f7c7cb28d228d457a92319dc8ef824a62109899ef1fee78da81fa3be,2025-01-15T16:47:00+00:00
176,88,success,2027936fba4673dfe0e9f2f59b621d29e9252e188cbeb8d2ccff3f3ce1110519,32c3b08f9328c3ab1989f5afe44816efc3ed50c308c48d994c09695cd255e046,2025-01-15T17:53:00+00:00
177,59,success,,,2025-01-15T21:19:00+00:00
178,60,invalid,6a44505c198ba7f5073a3fa343368dd5a21083abfbeb336a95ce2b377b46e733,5c9083f2da9721e67403823f1008fd2c245d4e9098317701a42c8b42b963d43b,2025-01-15T22:48:00+00:00
179,76,success,f2e4624ac0217f0bf7b1351785760e8f3af84f058af841c1b3d64211eaaf15c5,4070cd37783fdbab237fdcefbc20b7869c8bf3aa6f9bf3ad3cec6f96c4bd2b89,2025-01-16T00:06:00+00:00
180,26,rate_limited,c7de032396ef3430e539cd8b295887b058d5b20f7a1bb01ea158ab39dbe8222f,e5fca2b9f067b6b49e16768e21d583eb625cc9ae2eb0974d0a5e57386d9aa13a,2025-01-16T01:38:00+00:00
181,74,success,cb4c336a21b70e9c3adb7a1fcfd3e45ccb397e1f75738d456bfb07fe15927e0c,6b769e632e3b6913fb53110a0d35a46a813ec3f4509983aa1a5c2fed33c2dd7f,2025-01-16T03:20:00+00:00
182,36,success,8668cb3bf3453aa417945484fa9a5f339a48737b3c7cd78b7a9ffc2a1bbe1840,d84941a093ad4316fc4ad076589ea6b9f47df73b167b11409d0365348d15c989,2025-01-16T07:14:00+00:00
183,78,failed,af01a8b75ef596e74b70e02be9614a413ffc798304f337087e59685a04b24e6c,5c4bd38f44bb95e6cf68b50c28194a81ebd0c07f47d213b18f6a7eabed1fd9e4,2025-01-16T08:13:00+00:00
184,78,expired,37c9b2e15894e3a8b92618846a387b70c4bb5386e8e9e10bafaaf54e773ab213,6cb65909216f4187669b3789e4d8c49f2391b08d490201551f856a6cbfd5350e,2025-01-16T11:27:00+00:00
185,93,expired,e3b71f6cd211d5e6187671b1947b74228998e4fd0a0060044715277e05cf4a49,2cd1617c8f9cecd87bf078ad926a20ac50d3a0bf0b35f6bd631c32731a20c16c,2025-01-16T14:08:00+00:00
186,83,success,868f9661afb8af28fcb6a4907833c90fd1e56bee02e29faa8b0c30d696178554,8a2700a19c9eb6aa93f1adc5c04b3d9dad5c8a9a0af8bd2d89ccdd022aec6b05,2025-01-16T14:42:00+00:00
187,12,invalid,ab5b2aa6ba51676618f6edc327e1cde82575b4f6fbd7883a11d446cb5b879099,0385fd21c85522b53e8d86120b3b835f10b4e88255a062060725a2cc6b152e06,2025-01-16T18:04:00+00:00
188,70,invalid,d806144c36b829579b71f5ad3335745f596559511ddaed710ef93dbcce511a15,8ab99303d740a62b5c079c217cf4420c7ca55ac760f1af116f53ee92df038a27,2025-01-16T18:47:00+00:00
189,33,duplicate,76c482c9e65dc3f0eb70f446280e4a0c09535e41e44b1f29e783d014c7312db7,4bdd8f2a3f796a4d58bcee669a90cf17a8705f2caeb6a8a156c20bf37a81b18b,2025-01-16T22:30:00+00:00
190,44,expired,96f359e98ab87cc1ec58deb058f492def544b7650f304efe6072a331e3ec1cd7,6871246f2b790970664dbb307347417105b8092cb85f28366f7c35ac2ecc6e23,2025-01-16T23:28:00+00:00
191,111,failed,411508f38adfb0a123936c92325eb2759be9cfe271f231197680ea01ae94a758,1974bf16a97331cdf1fb538b581c457f9ca8443ba22a7e748985a2371d441cca,2025-01-17T01:51:00+00:00
192,47,success,f69a63af83a4dbb503d18690599dd2c0334c8d79d80968551d163979bb13d02c,4fd457ba76cc0b060f5075190f966550b1ca94b1e85729a3d0506a4504291ec2,2025-01-17T03:26:00+00:00
193,87,failed,5aefe689bab5ce730b23ccc3d574f868879418030f2a02ea9f3e27439d50f040,534716e16297deb078c474d9a3cae09c7737eb538026bd5fe88e55ab74bc06fa,2025-01-17T05:02:00+00:00
194,14,failed,98ce7d990414c1c17649e98362870f19edf82c36416efafa2004d35a2801c3e1,862b4fbcfa5455f863d872a98357a66d388f6d1b9be93a28faa88b6cbf945400,2025-01-17T06:26:00+00:00
195,118,failed,c004353c2c2f819da82adcbaebc67f89640568c6a9509257df223b1b6fc16216,b409024ba9340fb1df0778257ead74154be57f93299b1f3727961fe8e41f96ed,2025-01-17T09:26:00+00:00
196,39,failed,cb4e2bb792a8da313db5cb5ec55a2324ae6901a83d1bbdf44ffeed0545dcfc6b,4b5c41df91dcbb88216b357c00211fc9714e62d583fa219e72cf670bbad6cde2,2025-01-17T11:33:00+00:00
197,15,success,e428ec075458e15ab86e57116a8e2305d6d086aeab3b23c0ea778e2471c6d31f,d6dcc9b936a18e5330aba3ea597885b72b6fc435d97a22ff2007b6bbac7259e5,2025-01-17T14:25:00+00:00
198,96,failed,42a718001927ea5c45c469b7e2c8d7d4b44331f5a4d7a2322d8888e302de94ff,6e0a81669ee3d2066561878b70c416b86641abe3aa5a2ec20bf4c32d6ecd8f84,2025-01-17T18:12:00+00:00
199,54,failed,a3cec493b1d4b4299db944fa1906c6e8ad44cf8c9344ff66cefc344702a5faaa,354fe0437d1c98751f903f49bba490154b9130e484d3e7245ebdb3b640f7940d,2025-01-17T19:24:00+00:00
200,5,failed,015dc30fba0e395680575830f1838605a89993df2f0ed3c059ad36afd98c7f40,667def17d70b867b6d4ba9a00b95f47966861e82a1f72cddd00bbe3aa40941cc,2025-01-17T20:57:00+00:00
201,13,rate_limited,22b9a18530a1fe538d881827d7f057205b49d2bccb0de07650d7f0e901e91493,a241c4c2c6f2f5050e3250c296432b6ade6cff49138ecf16025a19cbca4b681c,2025-01-17T21:13:00+00:00
202,51,success,93cbf92fbe342c02f98c969f66a1d6e96bd0adf93251852ab4daea17a870bbc3,6bc195945400d114518ac8b3ce42257ea799b43f25d3bf87be36ca8113b52d70,2025-01-17T21:37:00+00:00
203,85,success,173f5b81b86b28e8e6248ffcd6e35d80bbc5da1f4c10673aabefa21c5f36ca5a,6f619dcc96f78679fcd80619fdf223e74bce6a6e6ef4b1e5e73d37ea9502cd99,2025-01-17T23:03:00+00:00
204,32,rate_limited,71c45ef0599894c6f5da00ecd2f10d47a6ae535f39c4c0bf6b54c1bb02372a3d,305aa992acea83c0d853bc1f00041fa76fbcc22efdb2527abf4d9db482bd6565,2025-01-18T01:25:00+00:00
205,27,failed,5c0ec97d857e098ebb137a5a6db33d54aa76685a9b4a8b48ab8bcb6917271f1c,9b7274af92234ac5b61ad44204367cda5d14da4ecbb4ea3fc6e29584ad414390,2025-01-18T04:47:00+00:00
206,116,failed,e99105e8875ae1c125a6283ae420dd6de3afa92c20753f01711c59f73dd7240c,3c08dbf03aefb0c60a4421910e15e115ac8664fb6d100906054ae4aa375eaeab,2025-01-18T07:06:00+00:00
207,33,expired,4c7bace034f24def5a773c7e9992641cb2f5b7457e5bb27b3013cf19f4e6072e,f02cf7f6ddfada34689f2d1124c261133fe0e4d01377a6f3ae64008211cee08c,2025-01-18T08:38:00+00:00
208,102,expired,c4011d79d719ee2adbfa2fe3e141a67812d70ff0ed4a25cc7c2d8ad708bf6ea4,39599160c559d0f621e14cc27a2b1e413621713b8f8ad50c884669532fab6f9b,2025-01-18T09:11:00+00:00
209,95,success,b4507a4d52a1c4a5774d3fa19dbdde033b3dea5646cd81485564c95af18ffe59,c4c038c3b067dfbd83c7599b37a48be272c3aa3cdab00751093fb921e67180e2,2025-01-18T10:44:00+00:00
210,66,failed,92bc05a7f6cd2c3d330ccf6b33644e0a936aef837a2d32726d35e229edcd973a,2806aa7108940f85a9020f72e5450c8016a9d9e0725f2915155db21450c6b98d,2025-01-18T13:51:00+00:00
211,101,invalid,78361467e7882b501c513d782967d119e709b850557bbef47016d44abc6c739b,71959033958d739c9747329b4ca42a496667ee2d8d3948ce89699ac1eeb233c9,2025-01-18T13:59:00+00:00
212,8,rate_limited,cc645d9cb5abfdc8bfdcb604e5673c8b5d696f2ab20eb7d4fe0de9af53abe8b1,6f3cf671af79539cfd0426e3e5ac8b5129219619788dd9522fb4d9b8b19a93bf,2025-01-18T17:02:00+00:00
213,117,success,0fdd64b729b43ba7a408c6d9e66011e7e56c32fbba5f53cb21fea849550cd059,50606fef61511c13246dec9deb22d064d24245b2bb2b81279b2912626565ee5a,2025-01-18T17:35:00+00:00
214,36,failed,8efd47ae0abb43579d681976fc6b135137f12bff3f218e1f8541cdadf1c548c9,c1bd38f7e281ad9f0548f7bb2b9dd64bb893b251d533db9da636587accd6c696,2025-01-18T20:08:00+00:00
215,68,success,c381e84331040b043e2b16ac126e39a3378945b3a8ee8c905a1783f28657917a,e46ba0041b02c8c1ff1baf768c4c18eb41cb35916d8f302ada50a91e17af78b2,2025-01-18T20:38:00+00:00
216,110,failed,7da492a3868f70bff5ea3b6cb8077a3592162749f38028f6d755992cf7b64077,10562f6eebb7affdac4258598240be1a3067655ba3c6a2867d64bd3df03cefc6,2025-01-18T22:29:00+00:00
217,58,invalid,cab8f94c04bf0c713d942887c1f04c63072aa56a64eae2315f5c590a8a6aa534,c2c5e05a2a72096a3da4fba05c88bb6e79b3f2427907d6285fbd878d33fd9e15,2025-01-19T01:36:00+00:00
218,13,success,1c964a7446b7fff64ddf92b8e3eb9d7842e9997648c7290076bb971f8f128070,72158bd763b7e059fb7a590deb91f1715ba56a210b832cad18fec24d1eb6120a,2025-01-19T04:32:00+00:00
219,119,success,548780745e2d7c2836f99ef868cc8b178fea015c480f02c144782a0dd30ddffc,b31356accff5a0c15df4f3cb521d26dafaeeab441ba07fc189ac3ba230685fc1,2025-01-19T07:43:00+00:00
220,95,success,919fe57d3f6f936fdfca68e42a65766b8a0fad3cbfd30887f439c95130933d85,2397d538a3c1af954cbb4bb8c34bcae3a945374bf83bff476872289a9927d30e,2025-01-19T10:07:00+00:00
221,43,failed,8fa58cfc3208c710ae847b1392e27172dd7737dd87f51364055eab9e7bebf529,60d92ccdffbc79f3bde8b2de6e50999f535f4ea4b3fd826afb9179267c33b0dd,2025-01-19T11:56:00+00:00
222,112,duplicate,3bc3f33488ac0279d052737604651117961411294e574ba121b11e317f3c5c9e,4cae6b92339d95690616fdc08a35a65bb150d59fc62cff8a13582dfe6ebbd3a6,2025-01-19T12:23:00+00:00
223,74,success,e9e3faed7de318d21b372dda53aa581df9c376a751d6e724a937817dc5f10958,9473f871ec094a2a1630f016ca21404eeae4d407f7d53b7c96a3a28d6d8927c2,2025-01-19T13:53:00+00:00
224,109,failed,e0c7e8831a47084904101fe659712f64964eb1dfbdac2f80a4a193ee2c54f888,919d6f10ae94bf0cfda896ee70e98a949a807def7a2333fda90236c577a34730,2025-01-19T15:43:00+00:00
225,109,failed,a52b3167e4254df3af63b6f90f877342bf8c66f832a65764f4163834e1d94432,11bbbe2360b87c279b8433cc0f83b06c42909c8f942964bf4a51982af950fa33,2025-01-19T18:06:00+00:00
226,4,failed,88c10b365a36e99ead07f6dc979beb46a674517a1cb6476bdd18ad3e2959e42d,ea7a1c1622f2259f08278ad9437793fbd48da606791df21c01e499535053844a,2025-01-19T19:16:00+00:00
227,90,expired,bd62e803a2e1d91905d43594dde3491ae6b5cf86f3473ebfc3ba82b9d24da888,3522ef12a6e13bf935cc691072c0082dcb6a5fca9a03525c38a8e7feb002fb00,2025-01-19T19:53:00+00:00
228,73,failed,4c5416c5b963dab9ecc97a700ab0bcbbf92ad780023a2301a967bded67cbc076,8172bbe8900cb7e04d6a8da997b05922d1b73577a87c0625aadb03629e0291d1,2025-01-19T20:17:00+00:00
229,96,success,446de1b504b489f12fba9186c61f964532dfc4e52771eca18dc7b504dd4246be,5a40b229de0dcbdbced3705cbfb3140c47920a1691e520f6979baac7ef100a14,2025-01-19T21:37:00+00:00
230,93,success,ca5150a8086aa27bffb6a9455802f3d7a291537d0b662a389ee9d40ef61ad3f4,742707f2f3be4efef19a6188f5872d5810be1af3b5e12da59e20290d6d08cd92,2025-01-19T22:17:00+00:00
231,21,expired,,,2025-01-19T22:38:00+00:00
232,35,success,04f2377b111409e686cd1451f32eb2697bafbe3cafb8c1e5781116d3079026f0,db43a901775ef0f1d03c61c07bc069a11973ab6bb46f7fdff1b7afd23932b80f,2025-01-19T23:34:00+00:00
233,97,success,23d9db7b6ed1989aa476f86abacb359a58f60077b585ad8b0068adc79433a918,9f3d2b80b6f1ede7a41b5740714da9beee35e16e4fa5f05f1df1d725ea231811,2025-01-20T02:06:00+00:00
234,63,success,3a676d4e3181b9f696d2fdb0cb51d418f8ce7f53c0717af3a76f8f0093475130,6ef6991e76eb538b3e1ff4ef78b13a621b6faa791611ffc62d20b35f9d63133b,2025-01-20T02:21:00+00:00
235,1,success,8a242a190ae56c029991a68151867ef2f7716e67541f21cfaa1c5a821644a58a,7ace54d77233353f648985450fc42b2c633a63a06cbd808957ea4f0c54e30019,2025-01-20T03:36:00+00:00
236,42,success,8bc3000e4990d2618e0bea53750638361d0d18613702a7932bdb3f6d8d7bc39b,51eb6138ef67e17c9b7d4435bd505476c20679d3ee98a6f98b67b8fb8c3834e0,2025-01-20T05:53:00+00:00
237,91,success,190f8ff9a6c6625be628223080a4d44ff202ef54b0aaaa12ab6ca21907c44210,c4e236d0822a6ed35d7caf8c3b414ade775661fc7059c085847464dd46727f2e,2025-01-20T07:35:00+00:00
238,111,failed,4e56dad2b431e8758cc7795f8cefbb6dd1bf921b217a03bdfb6c8814d1206c06,b1efc62e3d8a49a0df5c6f055a940ff8d80e10c4d1f2911ebc9f76e5d06616d1,2025-01-20T08:56:00+00:00
239,74,success,5fbf45a18c046be51104ce950f84f014d765b5570cfb2f2e06b90fcf78ffc941,883efce8361d3cb1b7263894b1237e50ed35412e336d5fa6cc620be1d1673f5d,2025-01-20T10:40:00+00:00
240,3,rate_limited,628a9a35a857530cb3bcdb6f3bab5ff16143d35bc8f0d5ebdc174321d80db143,0c9ef5f291a68b1066c56395cfd325d33ed2a20c894a363f4cb5569480bd09b1,2025-01-20T13:37:00+00:00
241,118,success,e14a263f457e8e310fd6fcd249150de660b175f77be6096539976975e78f776e,c749d8d0c63b652a4c47385226c21901bfaffbe596719cdbcb06b69a9a290500,2025-01-20T15:20:00+00:00
242,68,success,80c9bd7fd84d57c0430e375a9f52814ac22dd2e5d2a73d8019c65a062f232645,64b3b05e54de169bb34231ef08c2690572ed88312a18bd2f0e10505d7e190f5b,2025-01-20T18:40:00+00:00
243,22,success,61fadd9204f18db9f4ca90a7bf25b27bdfe6657b821a1bdfeb2d0b024bae0ee0,3b07ebe445754fbbd3ced26c455177049d92b67548391347e277ae81dbb6ec4e,2025-01-20T21:59:00+00:00
244,45,success,719090da1b2f2a4c10a62daf18bda05bc4385c116de6d347a31eb507af496828,5669032e0e8c772ec3b33e810434a48ffb14db089074d8cbb6810c24119896f6,2025-01-20T22:26:00+00:00
245,19,success,96595b96eea56299e50c35f3291d972975a569faa41135efc7866a4342a7b4cd,4db1849cdd54aa2ab3134e6330853a797f03c65576098ae3cc61770e510d0076,2025-01-20T22:46:00+00:00
246,23,duplicate,2bcc5b4ca5c9f4efabe8546cfc3635825cf1aef6c568af0c9d3118b5eedf5583,0c287ec71e4771130c10ad3bed556f81eaf2391fa711bd03b7734abca340ac38,2025-01-21T01:15:00+00:00
247,58,failed,bf51d0c39dfa8c390897ee9994140bb117bfd99a2297b9f3405a95e42a768e1b,19f5bcfc549390a8b4b9f6981312a47e48ee25f6247586719b1b333831c24b27,2025-01-21T02:38:00+00:00
248,111,rate_limited,2da9437f201c607271985b1c07d9b363ea39fe8ef44bb70776558b20616eedab,ac87c9e51cac6b61bdf726074f5467df1c96e7ffa0e4446f2354e5db9986bcfa,2025-01-21T05:20:00+00:00
249,39,expired,cc46fb79a1c0e73bafd3570e0e4c98603db701c0bc95cf80aff52a22bf7c686c,ef6ee6707792c249598ff9e09bfde1d9a82421a011e646edf0bc55b06154ce2d,2025-01-21T07:19:00+00:00
250,58,success,8e341068d356ab24051d7e9abc118918d5610e8430d5f137ca3d939a3b8e328f,049769ae8136ee05615e259e1724e0506c1bb3e1f58038592d0cdc718d5593f3,2025-01-21T10:58:00+00:00
251,12,failed,95f558d75f37b3de185c677ed94be1e7c3dcbcebda7f0b9e90d5e7df9c7025d7,dbebddbfb32a93c7f168c6c737927ddff37da73cba5fc8442dc5d2bbd6e5d266,2025-01-21T14:21:00+00:00
252,95,invalid,e482e11008969898a04438894e8cf547374db2b7da0497b545620a5400e04660,fadfc311d7f5cbe0455d502d9a2eac4e7a5a2d6d378507f573a9ce567fde7656,2025-01-21T15:44:00+00:00
253,78,success,7d9e8d0cf376d82a316577099c54bcaaac8d3a95e378a9d8bfdf342f03488de1,77bd69d37d95c376e9086635e910f0eef709ca58f4b6ba12b811c2ebbb13a036,2025-01-21T19:35:00+00:00
254,108,success,4edb3ed020b8135e7005b38b16a3e4c4365d91d976dc54fd4c90fa3606dda189,984de1a60d38abe20c21e233d226f7ebd75b5635300e945adf7181c41596aa43,2025-01-21T20:39:00+00:00
255,91,success,e081d41087c201fb110d35b46e052f4b743109abdd1e274268e02b12375a2eca,419295b6cf964488f6405c6b900b64a50d957c556c3a489a2cc4d881e663cb18,2025-01-21T22:15:00+00:00
256,118,success,de0b9c749275d0725ba20a134ab1d395b1c505422f5fb13c3a212ff3d6ab4505,e527b1c3a46e08b480ab4a91afe45a7fc6026477a56b0b5fee6cd46453e9af5a,2025-01-22T01:38:00+00:00
257,81,failed,1c1e832ec128c0a8f9fd368927b7af36eb82c7408d8ea98ba1ddb5ee8079de52,e4fe508cff94596bc8784db7cc1449d7f6c03d3e6cf94469c35c075b043322f3,2025-01-22T02:51:00+00:00
258,33,failed,44dba079faa98a5cf2e88a2a14e0822c2fcbc8692a3ab78df900e12c9e1112bc,1b561eca748605fcd571bf3fb680beb24ba5dc4c76d66643fe87eeccdc740b8f,2025-01-22T04:17:00+00:00
259,11,failed,3f74660dc3308dcd485e07d4c07488d230b749f1679a8759a3c39a8bb9a6c522,d39cc108707f2f2a8cdb5cf193f70217fbc15c88c9c7f680d2a0c546719f3d1f,2025-01-22T07:16:00+00:00
260,85,success,847d46d6d5305f28b135e92c108e28928811c23854da1e9615e0a0570d6dcc2f,62d72ac37c050a8f927eb9e70ae0f0ce7197b64647c574d750a3a114e91c4470,2025-01-22T08:53:00+00:00
261,83,expired,70f6309225383738dd3a36177955ef854c1658713590236786d55ac47fd48138,6ca637783230304f91d2c2b58499e2e140a1b2a268abd2d6602b6000edd15fbe,2025-01-22T12:03:00+00:00
262,88,duplicate,a81680f9d8c26c57b2f17035656b0e371086dccd5112978b6d9077ff5ace4758,a0c3a008c97dbbdd23bfe42b524ef7c329f16b9c654e4ffda5e51677bab23daf,2025-01-22T12:08:00+00:00
263,47,success,793dbba7d8d73c1b8d205994bf9e2d4e3f350657a5532801c592f092a15cbfe8,f188e16964f3a501e49e5e8cd2fc5433c0d283af89f68b02638c1db75ba7013b,2025-01-22T12:58:00+00:00
264,29,rate_limited,1a9f67e6043021b153f31d11b7cea65a9a301b25a4b0e8161bec864865579e33,2dd71e6f267ebb14ef0d18b6f892344c0457fecfa51ca6725b211c86493e32f2,2025-01-22T15:08:00+00:00
265,99,success,d4c433753b2b304951a1afa4c72e3358a032aa39d0821008794fd31f1eccb885,dd3fb761eb9b14574983358691659a91c695acec8b0c5c3078d25cbfa7ee3540,2025-01-22T18:53:00+00:00
266,99,failed,45b8540f07ffab6cf3f5fad5827907e8080364829d89480ea97ab7eac948af40,5e200790e8c318e1900de5eb99c3b065a52d62a3fd04543499cf2d23d374b8b9,2025-01-22T21:51:00+00:00
267,99,failed,544b936b797eda43cf160fce47c2185ce154f125003ca99d7543438f7a54515a,cd396295dd5067469357b52bfa55e37a71943a17fe6ba1484799b564440c9641,2025-01-22T23:25:00+00:00
268,87,failed,e68ca9b7edbb409eaa9303dd4df5a076c3de5d205ed8e138c27e71337adca08e,2fd83425aa8b52655a71cc36e50eaab323ad508737a90e44c876223cec82fa23,2025-01-23T02:46:00+00:00
269,58,success,ba99f801965b087ab8fbc7a5e157916ba6241f511528b43fc129d715e3f8e200,fd72a2beaa0087b25484f95956cbe247ccc8ee8e8d1f0623e811413ee3530b36,2025-01-23T06:38:00+00:00
270,107,success,02894efa34018a87b9146ed6a842c8fd4672c9f196d3377030a432c29736721b,ea4644d07a155be23a426a1b40e9609a24a85f4859a09468b16a467a9952dc17,2025-01-23T09:55:00+00:00
271,37,expired,f536279df5898f9cfeb8887a19acc929f5770204d3a56acc3764e71c19ef1594,81c9f27451fc08a84f18d4fbd52025e637f80652ef7989fb6137b673cf1f2789,2025-01-23T10:47:00+00:00
272,103,failed,70b8eb8f121fe680f1285b39f061200002497c821de4a92b79d39145c0b08cf9,4b8c943d60b67061c98be5dbf105524b7d24cb1c902c8875de48781298fdb091,2025-01-23T12:23:00+00:00
273,71,duplicate,748ac08904ee7b7e592e2609cbc2428c04eeded0b80527e5649e5a07b6854f56,5aa8963dbd0a83932f2d11fbcd43994b14c0f442e78894077b2b61bac46796e0,2025-01-23T12:45:00+00:00
274,98,success,a0775b2318dd2d623153b4647070711be0c053d58f4e751536fb07d3746414e7,e6abb638e0f2dc8bd553c059e6eef9b46c11781f466bc274cef7a98c9eceab7f,2025-01-23T13:09:00+00:00
275,117,success,568bf21c24f2fa102558ae94f0ba279574b3d5fd79ede87800d7cf03fde240bb,98b51dd912cc51aa638eb4ba276bcb049acca654d58cb6c340fc59b18df9aded,2025-01-23T13:23:00+00:00
276,51,success,8d6146a1bf58879df6b2cbf1f9146a6ca9ac558e2e04436158375e3dcbd7d234,d1d37245a545ba63ad9559d8c538722b2a6d72ebf889fd6788faea5e57055fa4,2025-01-23T13:31:00+00:00
277,41,duplicate,7733e1b3c8da06fe976d1d9411a94376441ddd08609a788f72a0e7027106b092,ad093dce53e3c9342a5b0dd338f497fb24a21b21700fce7612e067d198b52aee,2025-01-23T14:07:00+00:00
278,5,success,20b54da8a997179c5f11d16b54c0002fe3d7c32c47b43ecde9b719d5ab6d0ae5,68ed379f82e2d3f2c99dd0f0f0a00a8045f8464e461b01c7dfbfdbbdd6d1313a,2025-01-23T17:08:00+00:00
279,61,success,,,2025-01-23T17:29:00+00:00
280,3,success,ef5507d17f6e5aabcf61f4217e04de5942cc576230e60c968b6da2e96497d898,c26b6f21183ecc1594d80034dfafa9ce1a129c802d095877012a8c060d3572d9,2025-01-23T19:45:00+00:00
281,55,success,00cfff24b3e7e14bc2e29b745dd272fcb900acf3346917909095e5b1758e5356,011ff7e4cce9e4ce5697ed07d4e22e1d3d19b6fed11cf13b699b27656617f596,2025-01-23T21:33:00+00:00
282,82,expired,d4134618df9ad6b728afba20d6349e9913ed72889295a6ada867e53f0ebbf57a,d7d16ad50e9806e6d7a2cbe4de1edd232d4e1a11edef9290f866540f84db2bd3,2025-01-24T00:06:00+00:00
283,69,success,60bacc319a0399f601140521779a4e57bae07a7e54a6396bc7136b533972d8cf,bc2802eeb7e6b106aedf4e0494175e7bd4126eb2fe34e3c2ac3dbdb50a5da5d3,2025-01-24T01:56:00+00:00
284,1,failed,67acc77c782347dc3c06847917835bf322fe3ed146464d74af7ed1ab100c3861,014ac4b8f752d5be80b7090ce05cac4895c609314e36b552227232677bdd9755,2025-01-24T02:18:00+00:00
285,68,rate_limited,2e319d3b64b2a0b0d9dca9f5b5123b389fb6c01006a4f32627d73ba9871dcff6,6a7329527b05e278242cbb5e3accc0ec2ce59c75c6b48c9ea02165e31cf9ab2e,2025-01-24T04:28:00+00:00
286,71,success,84da7324be94d0f62200868e164a3a12f08723e85da5dac5fd3f37ee98a81d77,fed6ceae98623ca35c8e432f22934608cc5236d10307cfb8543ed876a45d9f7c,2025-01-24T06:04:00+00:00
287,33,failed,6c0fe950b1b74d236e1b7df735de1fc5b72ca196a72e7366222ece96a3f1258d,cd687038216c2fdc379c2f8ae283e2d10a766d1ffce1daccd8ff48030d63e7a5,2025-01-24T08:53:00+00:00
288,81,success,d0647847a77c098f8b8d212bcabf3370352aaa536a89df283974752e0b2f8897,1b1e4e2b36de5a4e49e6a99d459b862d0795a989cba042ee3bf1ed3c9977b087,2025-01-24T10:24:00+00:00
289,70,success,346ee9e8961b834b96a1b147e82de8ca911563376aae44106f078ef64c5de532,592c980fe85fc6acb2bcc5a00c4d3acac5e758c8aca20465e4865f37fba75858,2025-01-24T13:23:00+00:00
290,62,failed,e395d437501a2b83adc2c8c8a887930ebb467110ca83f1cdc256cd114e3862ca,fa786cf23654e9543d1a9f0fb6f60f122fa1c0d409fc34dfeb31e559669b3d19,2025-01-24T15:21:00+00:00
291,5,success,,,2025-01-24T16:13:00+00:00
292,114,success,43e34370caf7a46da89a8b8ea41d2f58f1d967c98a7fdaf7b8c0f762cf124d8d,9d151273c091408a158ae1c69d697295a9034c6a7a6bcd34b1cec2e4c9b1b585,2025-01-24T18:33:00+00:00
293,61,success,0528e24f059053a38227cc3a92f5de1945402912ec34c75e4c2a9f59d1d0e24e,faec61798a6fe260f9eef4cd12e50000ef66d429d029a4f9d2d79ad70728bc34,2025-01-24T21:53:00+00:00
294,7,invalid,215fd3d2828a62347dc17c024ba5d5cd96e3d55a234cff921f5ce74291115f24,5c73f105a9dc9d998692409fb48262940d4454bf34b2a364411f653c40f777c9,2025-01-25T01:41:00+00:00
295,52,failed,e50d4274c0a90ea98375d78fa558ca3fc7e65c59abaa2b442dc8381edf7cbb36,23ea37dee1f7521bfef442798830ac891ef54f27c89e9b523e41f139e7f08ea0,2025-01-25T03:49:00+00:00
296,89,success,dc86898cd19d2b7ce0025b9e9af65b161f3170d0351ceeb65b4b0f357e2ca68c,7a758e799144cac8842f356749ae610f5981b716b467c77d9d5673eec80f01f7,2025-01-25T06:56:00+00:00
297,55,success,a0e51b0eebd19094434c3c585c7653e172c9eaf3f4d1db2032b711bcf3892a23,c8f137eaaec7b1cdf937b99b654a236992374502d2faa7d26f47b559bd8c8364,2025-01-25T08:19:00+00:00
298,14,success,25980711009da3ef2151caba4eb7774713385827f24e13122405967cd4abcbb6,9843475efd1be70524c8f80a9d591aa0b1b3b670da499fa383d6a130bc5a7d5c,2025-01-25T10:09:00+00:00
299,22,failed,c83dd0594cf51063671e2004c3bc5ef769496355c9c5b73bdb886f62bb4c199e,704e4db49dcdbaaacc9328425c967278f4779484a4ba6eac471a090fb0fe0b9d,2025-01-25T11:40:00+00:00
300,79,rate_limited,01cf1f7821c434ee6c0bbdb00c73f92ea057f880ba9b1c000cebf62d57642404,bb2db804aab0277910553bffe05275ec2e9dd246a5f9af589727a01cc059438b,2025-01-25T12:00:00+00:00
